table,period,status,rows,seconds,err,at
xjll,20160331,cached,3140,0.0,,18:14:48
zcfz,20160331,cached,2754,0.0,,18:14:48
lrb,20160331,cached,3143,0.0,,18:14:48
yjbb,20160331,cached,3693,0.0,,18:14:48
xjll,20160630,cached,3669,0.0,,18:14:48
zcfz,20160630,cached,3443,0.0,,18:14:48
lrb,20160630,cached,3675,0.0,,18:14:48
yjbb,20160630,cached,8261,0.0,,18:14:48
lrb,20160930,cached,3317,0.0,,18:14:48
yjbb,20160930,cached,3791,0.0,,18:14:48
zcfz,20160930,cached,2931,0.0,,18:14:48
zcfz,20161231,cached,4361,0.0,,18:14:48
lrb,20161231,cached,4361,0.0,,18:14:48
xjll,20160930,cached,3311,0.0,,18:14:48
yjbb,20161231,cached,9529,0.0,,18:14:48
xjll,20161231,cached,4361,0.0,,18:14:48
yjbb,20170331,cached,4487,0.0,,18:14:48
xjll,20170331,cached,3445,0.0,,18:14:48
lrb,20170331,cached,3450,0.0,,18:14:48
zcfz,20170331,cached,3150,0.0,,18:14:48
zcfz,20170630,ok,3796,5.67,,18:14:54
lrb,20170630,ok,3826,6.1,,18:14:54
xjll,20170630,ok,3823,6.28,,18:14:54
yjbb,20170630,ok,8789,10.48,,18:14:58
yjbb,20170930,ok,4383,5.22,,18:14:59
zcfz,20170930,ok,3318,5.16,,18:14:59
lrb,20170930,ok,3465,5.27,,18:15:00
xjll,20170930,ok,3461,8.02,,18:15:07
lrb,20171231,ok,4690,8.87,,18:15:08
zcfz,20171231,ok,4691,9.34,,18:15:09
xjll,20171231,ok,4690,6.46,,18:15:13
yjbb,20171231,ok,9943,14.87,,18:15:14
zcfz,20180331,ok,3447,5.69,,18:15:14
yjbb,20180331,ok,4652,6.38,,18:15:15
lrb,20180331,ok,3580,5.0,,18:15:18
xjll,20180331,ok,3577,5.54,,18:15:19
zcfz,20180630,ok,3752,8.32,,18:15:23
lrb,20180630,ok,3822,6.19,,18:15:24
xjll,20180630,ok,3813,5.59,,18:15:25
yjbb,20180630,ok,8933,11.24,,18:15:26
zcfz,20180930,ok,3457,4.88,,18:15:29
yjbb,20180930,ok,4612,6.38,,18:15:30
lrb,20180930,ok,3681,5.7,,18:15:31
xjll,20180930,ok,3677,5.79,,18:15:31
zcfz,20181231,ok,4990,7.39,,18:15:37
lrb,20181231,ok,4990,7.08,,18:15:38
xjll,20181231,ok,4990,6.81,,18:15:38
yjbb,20181231,ok,10314,13.42,,18:15:42
zcfz,20190331,ok,3584,5.33,,18:15:43
yjbb,20190331,ok,4821,6.13,,18:15:43
lrb,20190331,ok,3895,5.34,,18:15:44
xjll,20190331,ok,3868,6.4,,18:15:49
zcfz,20190630,ok,4005,6.7,,18:15:50
lrb,20190630,ok,4149,6.37,,18:15:50
yjbb,20190630,ok,9301,13.54,,18:15:57
xjll,20190630,ok,4138,8.08,,18:15:57
zcfz,20190930,ok,3710,7.33,,18:15:57
yjbb,20190930,ok,5269,9.14,,18:15:59
lrb,20190930,ok,4267,7.75,,18:16:04
xjll,20190930,ok,4229,8.3,,18:16:05
zcfz,20191231,ok,5148,8.13,,18:16:07
lrb,20191231,ok,5148,7.0,,18:16:11
xjll,20191231,ok,5148,6.91,,18:16:12
yjbb,20191231,ok,10584,15.68,,18:16:13
yjbb,20200331,ok,5095,8.23,,18:16:15
zcfz,20200331,ok,3928,8.27,,18:16:20
xjll,20200331,ok,4480,7.71,,18:16:21
lrb,20200331,ok,4491,8.44,,18:16:21
zcfz,20200630,ok,4538,7.37,,18:16:27
xjll,20200630,ok,4609,6.58,,18:16:27
yjbb,20200630,ok,9834,12.6,,18:16:28
lrb,20200630,ok,4615,7.36,,18:16:28
zcfz,20200930,ok,4295,7.28,,18:16:34
lrb,20200930,ok,4653,7.3,,18:16:35
yjbb,20200930,ok,5562,8.41,,18:16:35
xjll,20200930,ok,4640,7.58,,18:16:36
xjll,20201231,ok,5184,6.91,,18:16:42
zcfz,20201231,ok,5184,7.51,,18:16:43
lrb,20201231,ok,5184,8.09,,18:16:43
yjbb,20201231,ok,10850,13.98,,18:16:48
zcfz,20210331,ok,4500,6.59,,18:16:49
yjbb,20210331,ok,5584,7.55,,18:16:50
lrb,20210331,ok,4816,6.98,,18:16:50
xjll,20210331,ok,4789,8.16,,18:16:57
zcfz,20210630,ok,4904,7.46,,18:16:57
lrb,20210630,ok,4940,8.02,,18:16:58
yjbb,20210630,ok,10251,13.4,,18:17:03
xjll,20210630,ok,4939,7.51,,18:17:04
yjbb,20210930,ok,6014,7.9,,18:17:05
zcfz,20210930,ok,4660,7.07,,18:17:06
lrb,20210930,ok,4968,9.36,,18:17:12
xjll,20210930,ok,4924,8.22,,18:17:12
zcfz,20211231,ok,5191,8.79,,18:17:14
lrb,20211231,ok,5191,8.08,,18:17:20
xjll,20211231,ok,5191,8.36,,18:17:21
yjbb,20211231,ok,11078,16.85,,18:17:22
yjbb,20220331,ok,5933,9.78,,18:17:24
zcfz,20220331,ok,4773,7.89,,18:17:28
lrb,20220331,ok,5059,8.36,,18:17:29
xjll,20220331,ok,5039,7.8,,18:17:30
zcfz,20220630,ok,5105,7.92,,18:17:36
lrb,20220630,ok,5128,7.51,,18:17:37
xjll,20220630,ok,5128,7.24,,18:17:37
yjbb,20220630,ok,10708,15.18,,18:17:39
zcfz,20220930,ok,4913,7.8,,18:17:44
yjbb,20220930,ok,6040,8.79,,18:17:45
lrb,20220930,ok,5097,8.37,,18:17:46
xjll,20220930,ok,5079,8.03,,18:17:47
lrb,20221231,ok,5247,8.25,,18:17:54
zcfz,20221231,ok,5247,9.37,,18:17:54
xjll,20221231,ok,5247,7.62,,18:17:55
yjbb,20221231,ok,11417,15.55,,18:18:00
zcfz,20230331,ok,5039,8.34,,18:18:02
yjbb,20230331,ok,5887,8.65,,18:18:03
lrb,20230331,ok,5104,8.18,,18:18:03
xjll,20230331,ok,5085,7.31,,18:18:07
zcfz,20230630,ok,5116,7.47,,18:18:10
lrb,20230630,ok,5131,7.74,,18:18:11
xjll,20230630,ok,5129,6.64,,18:18:14
yjbb,20230630,ok,10929,16.56,,18:18:19
zcfz,20230930,ok,5062,8.36,,18:18:19
yjbb,20230930,ok,5935,9.59,,18:18:20
lrb,20230930,ok,5139,8.37,,18:18:22
xjll,20230930,ok,5134,8.15,,18:18:27
zcfz,20231231,ok,5246,8.45,,18:18:28
lrb,20231231,ok,5246,7.83,,18:18:30
xjll,20231231,ok,5246,7.95,,18:18:35
yjbb,20231231,ok,11631,16.56,,18:18:36
yjbb,20240331,ok,5896,7.98,,18:18:36
zcfz,20240331,ok,5080,8.27,,18:18:38
lrb,20240331,ok,5166,7.19,,18:18:42
xjll,20240331,ok,5160,7.21,,18:18:43
zcfz,20240630,ok,5168,8.34,,18:18:47
lrb,20240630,ok,5180,7.65,,18:18:50
xjll,20240630,ok,5180,7.76,,18:18:51
yjbb,20240630,ok,11287,17.2,,18:18:53
yjbb,20240930,ok,5970,8.81,,18:18:56
zcfz,20240930,ok,5134,7.55,,18:18:57
lrb,20240930,ok,5212,7.23,,18:18:58
xjll,20240930,ok,5207,7.02,,18:19:00
zcfz,20241231,ok,5242,7.09,,18:19:05
lrb,20241231,ok,5242,6.87,,18:19:05
xjll,20241231,ok,5242,6.73,,18:19:07
zcfz,20250331,ok,5167,7.54,,18:19:12
yjbb,20250331,ok,6040,9.09,,18:19:14
yjbb,20241231,ok,11629,18.3,,18:19:14
lrb,20250331,ok,5244,7.44,,18:19:14
xjll,20250331,ok,5242,7.34,,18:19:20
lrb,20250630,ok,5231,6.72,,18:19:21
zcfz,20250630,ok,5241,8.1,,18:19:22
xjll,20250630,ok,5232,7.75,,18:19:27
yjbb,20250930,ok,5886,7.95,,18:19:29
zcfz,20250930,ok,5216,8.58,,18:19:30
yjbb,20250630,ok,11610,17.43,,18:19:31
lrb,20250930,ok,5229,6.56,,18:19:34
xjll,20250930,ok,5213,7.31,,18:19:36
zcfz,20251231,ok,5230,6.64,,18:19:38
lrb,20251231,ok,5240,7.87,,18:19:42
xjll,20251231,ok,5240,6.96,,18:19:43
yjbb,20260331,ok,5918,8.48,,18:19:46
yjbb,20251231,ok,11505,15.95,,18:19:46
zcfz,20260331,ok,5239,7.52,,18:19:49
lrb,20260331,ok,5239,7.94,,18:19:51
xjll,20260331,ok,5239,7.23,,18:19:53
zcfz,20260630,ok,5227,7.26,,18:19:57
lrb,20260630,ok,5227,7.2,,18:19:58
xjll,20260630,ok,5227,6.66,,18:20:00
yjbb,20260630,ok,11449,14.15,,18:20:01
