code,date,fy,title,status,chars,err
600075,2016-08-26,2016,2016年度中期业绩预告修正公告,cached,1218,
002310,2016-11-10,2016,2016年度业绩预告修正公告,cached,816,
002358,2016-11-30,2016,2016年度业绩预告修正公告,cached,791,
002116,2016-12-07,2016,2016年度业绩预告修正公告,cached,970,
002240,2016-12-13,2016,2016年度业绩预告修正公告,cached,809,
002279,2016-12-24,2016,2016年度业绩预告修正公告,cached,725,
002205,2016-12-27,2016,2016年度业绩预告修正公告,ok,872,
002277,2016-12-28,2016,2016年度业绩预告修正公告,ok,871,
002297,2016-12-31,2016,关于2016年度业绩预告修正公告,ok,939,
002258,2017-01-04,2016,2016年度业绩预告修正公告,ok,749,
002423,2017-01-04,2016,2016年度业绩预告修正公告,ok,1190,
002166,2017-01-07,2016,2016年度业绩预告修正公告,ok,919,
002757,2017-01-07,2016,2016年度业绩预告修正公告,ok,761,
002046,2017-01-10,2016,2016年度业绩预告修正公告,ok,834,
002057,2017-01-10,2016,2016年度业绩预告修正公告,ok,732,
002092,2017-01-10,2016,2016年度业绩预告修正公告,ok,855,
002140,2017-01-10,2016,2016年度业绩预告修正公告,ok,1050,
002376,2017-01-10,2016,2016年度业绩预告修正公告,ok,791,
002508,2017-01-10,2016,2016年度业绩预告修正公告,ok,729,
002024,2017-01-11,2016,2016年度业绩预告修正公告,ok,1633,
002151,2017-01-12,2016,2016年度业绩预告修正公告,ok,1073,
002629,2017-01-12,2016,2016年度业绩预告修正公告,ok,943,
002648,2017-01-12,2016,2016年度业绩预告修正公告,ok,757,
002075,2017-01-14,2016,2016年度业绩预告修正公告,ok,734,
002098,2017-01-14,2016,2016年度业绩预告修正公告,ok,937,
002225,2017-01-14,2016,2016年度业绩预告修正公告,ok,942,
002235,2017-01-14,2016,2016年度业绩预告修正公告,ok,807,
002334,2017-01-14,2016,2016年度业绩预告修正公告,ok,1007,
002528,2017-01-14,2016,2016年度业绩预告修正公告,ok,1467,
002641,2017-01-14,2016,2016年度业绩预告修正公告,ok,942,
002693,2017-01-14,2016,2016年度业绩预告修正公告,ok,1132,
002777,2017-01-14,2016,2016年度业绩预告修正公告,ok,794,
000985,2017-01-17,2016,2016年度业绩预告修正公告,ok,798,
002181,2017-01-17,2016,2016年度业绩预告修正公告,ok,1010,
002199,2017-01-17,2016,2016年度业绩预告修正公告,ok,953,
002325,2017-01-17,2016,2016年度业绩预告修正公告,ok,918,
002404,2017-01-17,2016,2016年度业绩预告修正公告,ok,976,
002530,2017-01-17,2016,2016年度业绩预告修正公告,ok,940,
002597,2017-01-17,2016,2016年度业绩预告修正公告,ok,808,
002601,2017-01-17,2016,2016年度业绩预告修正公告,ok,801,
002318,2017-01-18,2016,2016年度业绩预告修正公告,ok,875,
002562,2017-01-18,2016,2016年度业绩预告修正公告,ok,918,
002590,2017-01-18,2016,2016年度业绩预告修正公告,ok,760,
002628,2017-01-18,2016,2016年度业绩预告修正公告,ok,816,
002636,2017-01-18,2016,2016年度业绩预告修正公告,ok,960,
000936,2017-01-19,2016,2016年度业绩预告修正公告,ok,1029,
002299,2017-01-19,2016,2016年度业绩预告修正公告,ok,857,
002406,2017-01-19,2016,2016年度业绩预告修正公告,ok,858,
002526,2017-01-19,2016,2016年度业绩预告修正公告,ok,977,
002061,2017-01-20,2016,2016年度业绩预告修正公告,ok,1104,
002146,2017-01-20,2016,2016年度业绩预告修正公告,ok,826,
002217,2017-01-20,2016,2016年度业绩预告修正公告,ok,1135,
002260,2017-01-20,2016,2016年度业绩预告修正公告,ok,726,
300092,2017-01-20,2016,2016年度业绩预告修正公告,ok,970,
002104,2017-01-21,2016,2016年度业绩预告修正公告,ok,1207,
002211,2017-01-21,2016,2016年度业绩预告修正公告,ok,660,
002303,2017-01-21,2016,2016年度业绩预告修正公告,ok,1129,
002339,2017-01-21,2016,2016年度业绩预告修正公告,ok,799,
002468,2017-01-21,2016,2016年度业绩预告修正公告,ok,1539,
002569,2017-01-21,2016,2016年度业绩预告修正公告,ok,1226,
002660,2017-01-21,2016,2016年度业绩预告修正公告,ok,826,
002674,2017-01-21,2016,2016年度业绩预告修正公告,ok,789,
002139,2017-01-23,2016,2016年度业绩预告修正公告,ok,800,
002386,2017-01-23,2016,关于2016年度业绩预告的修正公告,ok,692,
002429,2017-01-23,2016,2016年度业绩预告修正公告,ok,1140,
002507,2017-01-23,2016,2016年度业绩预告的修正公告,ok,910,
000068,2017-01-24,2016,2016年度业绩预告修正公告,ok,1001,
000903,2017-01-24,2016,2016年度业绩预告修正公告,ok,1284,
002012,2017-01-24,2016,2016年度业绩预告修正公告,ok,825,
002110,2017-01-24,2016,2016年度业绩预告修正公告,ok,945,
002135,2017-01-24,2016,2016年度业绩预告修正公告,ok,922,
002147,2017-01-24,2016,2016年度业绩预告修正公告,ok,863,
002229,2017-01-24,2016,2016年度业绩预告修正公告,ok,797,
002234,2017-01-24,2016,2016年度业绩预告修正公告,ok,789,
002315,2017-01-24,2016,2016年度业绩快报及业绩预告修正公告,ok,1618,
002444,2017-01-24,2016,2016年度业绩预告修正公告,ok,891,
002457,2017-01-24,2016,2016年度业绩预告修正公告,ok,912,
002458,2017-01-24,2016,2016年度业绩预告修正公告,ok,910,
002459,2017-01-24,2016,2016年度业绩预告修正公告,ok,733,
002463,2017-01-24,2016,2016年度业绩预告修正公告,ok,1401,
002473,2017-01-24,2016,2016年度业绩预告修正公告,ok,835,
002486,2017-01-24,2016,2016年度业绩预告修正公告,ok,1145,
002667,2017-01-24,2016,2016年度业绩预告修正公告,ok,1059,
002697,2017-01-24,2016,2016年度业绩预告修正公告,ok,1034,
002709,2017-01-24,2016,2016年度业绩预告修正公告,ok,947,
002753,2017-01-24,2016,关于2016年度业绩预告修正公告,ok,827,
002759,2017-01-24,2016,2016年度业绩预告修正公告,ok,1121,
002816,2017-01-24,2016,2016年度业绩预告修正公告,ok,931,
000829,2017-01-25,2016,2016年度业绩预告修正公告,ok,899,
002040,2017-01-25,2016,2016年度业绩预告修正公告,ok,859,
002058,2017-01-25,2016,2016年度业绩预告修正公告,ok,973,
002068,2017-01-25,2016,2016年度业绩预告修正公告,ok,921,
002109,2017-01-25,2016,2016年度业绩预告修正公告,ok,1272,
002120,2017-01-25,2016,2016年度业绩预告修正公告,ok,1967,
002134,2017-01-25,2016,2016年度业绩预告修正公告,ok,988,
002136,2017-01-25,2016,2016年度业绩预告修正公告,ok,745,
002147,2017-01-25,2016,2016年度业绩预告修正公告的补充公告,ok,1049,
002163,2017-01-25,2016,2016年度业绩预告修正公告,ok,687,
002192,2017-01-25,2016,2016年度业绩预告修正公告,ok,1005,
002232,2017-01-25,2016,2016年度业绩预告修正公告,ok,829,
002259,2017-01-25,2016,2016年度业绩预告修正公告,ok,918,
002321,2017-01-25,2016,2016年度业绩预告修正公告,ok,788,
002335,2017-01-25,2016,2016年度业绩预告修正公告,ok,912,
002347,2017-01-25,2016,2016年度业绩预告修正公告,ok,963,
002359,2017-01-25,2016,2016年度业绩预告修正公告,ok,721,
002428,2017-01-25,2016,2016年度业绩预告修正公告,ok,984,
002570,2017-01-25,2016,2016年度业绩预告修正公告,ok,926,
002637,2017-01-25,2016,2016年度业绩预告修正公告,ok,867,
002647,2017-01-25,2016,关于2016年度业绩预告修正公告,ok,1619,
002659,2017-01-25,2016,2016年度业绩预告修正公告,ok,697,
002746,2017-01-25,2016,2016年度业绩预告修正公告,ok,925,
002811,2017-01-25,2016,2016年度业绩预告修正公告,ok,898,
000698,2017-01-26,2016,2016年度业绩预告修正公告,ok,987,
000731,2017-01-26,2016,2016年度业绩预告修正公告,ok,1487,
000877,2017-01-26,2016,2016年度业绩预告修正公告,ok,778,
002055,2017-01-26,2016,2016年度业绩预告修正公告,ok,1036,
002069,2017-01-26,2016,2016年度业绩预告修正公告,ok,1844,
002070,2017-01-26,2016,2016年度业绩预告修正公告,ok,720,
002089,2017-01-26,2016,2016年度业绩预告修正公告,ok,1258,
002091,2017-01-26,2016,2016年度业绩预告修正公告,ok,2168,
002114,2017-01-26,2016,关于2016年度业绩预告修正公告,ok,863,
002128,2017-01-26,2016,2016年度业绩预告修正公告,ok,1040,
002150,2017-01-26,2016,2016年度业绩预告修正公告,ok,852,
002159,2017-01-26,2016,2016年度业绩预告修正公告,ok,783,
002169,2017-01-26,2016,2016年度业绩预告修正公告,ok,922,
002178,2017-01-26,2016,2016年度业绩预告修正公告,ok,1156,
002207,2017-01-26,2016,2016年度业绩预告修正公告,ok,2613,
002210,2017-01-26,2016,2016年度业绩预告修正公告,ok,1301,
002250,2017-01-26,2016,2016年度业绩预告修正公告,ok,740,
002263,2017-01-26,2016,2016年度业绩预告修正公告,ok,1033,
002264,2017-01-26,2016,2016年度业绩预告修正公告,ok,1056,
002340,2017-01-26,2016,2016年度业绩预告修正公告,ok,824,
002352,2017-01-26,2016,2016年度业绩预告修正公告,ok,758,
002385,2017-01-26,2016,2016年度业绩预告修正公告,ok,842,
002386,2017-01-26,2016,关于2016年度业绩预告修正的补充公告,ok,1098,
002426,2017-01-26,2016,2016年度业绩预告修正公告,ok,799,
002464,2017-01-26,2016,2016年度业绩预告修正公告,ok,1040,
002469,2017-01-26,2016,2016年度业绩预告修正公告,ok,805,
002495,2017-01-26,2016,2016年度业绩预告修正公告,ok,885,
002506,2017-01-26,2016,2016年度业绩预告修正的公告,ok,1186,
002514,2017-01-26,2016,2016年度业绩预告修正公告,ok,852,
002529,2017-01-26,2016,2016年度业绩预告修正公告,ok,1139,
002559,2017-01-26,2016,2016年度业绩预告修正公告,ok,1001,
002564,2017-01-26,2016,2016年度业绩预告修正公告,ok,1125,
002591,2017-01-26,2016,2016年度业绩预告修正公告,ok,776,
002606,2017-01-26,2016,2016年度业绩预告修正公告,ok,967,
002617,2017-01-26,2016,2016年度业绩预告修正公告,ok,775,
002623,2017-01-26,2016,2016年度业绩预告修正公告,ok,1314,
002691,2017-01-26,2016,2016年度业绩预告修正公告,ok,900,
002731,2017-01-26,2016,2016年度业绩预告修正公告,ok,1003,
002760,2017-01-26,2016,2016年度业绩预告修正公告,ok,999,
002770,2017-01-26,2016,2016年度业绩预告修正公告,ok,772,
300002,2017-01-26,2016,2016年度业绩预告修正公告,ok,1090,
002170,2017-02-03,2016,2016年度业绩预告修正公告,ok,827,
002453,2017-02-03,2016,2016年度业绩预告修正公告,ok,1028,
002490,2017-02-03,2016,2016年度业绩预告修正及存在被实施退市风险警示的公告,ok,1086,
002622,2017-02-03,2016,2016年度业绩预告修正公告,ok,1570,
002656,2017-02-03,2016,2016年度业绩预告修正公告,ok,925,
002813,2017-02-20,2016,2016年度业绩预告修正公告,ok,867,
000952,2017-02-21,2016,2016年度业绩预告修正公告,ok,962,
002348,2017-02-25,2016,2016年度业绩预告修正公告,ok,726,
002248,2017-02-28,2016,2016年度业绩预告修正公告,ok,804,
002330,2017-02-28,2016,2016年度业绩预告修正及业绩快报,ok,2548,
002545,2017-02-28,2016,2016年度业绩快报及业绩预告修正公告,ok,1990,
002551,2017-02-28,2016,2016年度业绩快报及业绩预告修正公告,ok,1887,
002782,2017-02-28,2016,2016年度业绩预告修正公告,ok,1073,
300125,2017-02-28,2016,2016年度业绩快报及业绩预告修正公告,ok,1883,
300162,2017-02-28,2016,2016年度业绩预告修正及业绩快报,ok,2354,
300301,2017-02-28,2016,2016年度业绩预告修正公告及业绩快报,ok,2163,
300571,2017-02-28,2016,2016年度业绩快报及业绩预告修正公告,ok,2219,
000672,2017-04-11,2016,2016年度业绩快报及业绩预告修正公告,ok,1967,
000996,2017-04-12,2016,2016年度业绩快报及业绩预告修正公告,ok,1516,
000428,2017-04-14,2016,2016年度业绩快报及业绩预告修正公告,ok,3020,
000976,2017-04-21,2016,2016年度业绩预告修正公告,ok,1730,
000961,2017-04-22,2016,2016年度业绩预告修正公告,ok,1434,
200468,2017-04-24,2016,2016年度业绩预告修正公告,ok,1344,
002404,2017-11-30,2017,2017年度业绩预告修正公告,ok,1008,
002644,2017-12-08,2017,2017年度业绩预告修正公告,ok,829,
002756,2017-12-22,2017,2017年度业绩预告修正公告,ok,770,
002347,2018-01-06,2017,2017年度业绩预告修正公告,ok,924,
002831,2018-01-09,2017,2017年度业绩预告修正公告,ok,875,
300105,2018-01-09,2017,2017年度业绩预告修正公告,ok,918,
002027,2018-01-11,2017,2017年度业绩预告修正公告,ok,897,
002094,2018-01-11,2017,2017年度业绩预告修正公告,ok,1026,
002688,2018-01-11,2017,2017年度业绩预告修正公告,ok,1115,
002248,2018-01-12,2017,2017年度业绩预告修正公告,ok,1500,
002024,2018-01-13,2017,2017年度业绩预告修正公告,ok,1264,
002190,2018-01-13,2017,2017年度业绩预告修正公告,ok,857,
300142,2018-01-13,2017,2017年度业绩预告修正公告,ok,1728,
000697,2018-01-16,2017,2017年度业绩预告修正公告,ok,1075,
000816,2018-01-16,2017,2017年度业绩预告修正公告,ok,1346,
002469,2018-01-16,2017,2017年度业绩预告修正公告,ok,787,
002485,2018-01-16,2017,2017年度业绩预告修正公告,ok,912,
300068,2018-01-16,2017,2017年度业绩预告修正公告,ok,1433,
002102,2018-01-17,2017,关于2017年度业绩预告修正公告（更新后）,ok,911,
002655,2018-01-17,2017,2017年度业绩预告修正公告（更新后）,ok,1455,
000755,2018-01-20,2017,2017年度业绩预告修正公告,ok,1641,
002110,2018-01-20,2017,2017年度业绩预告修正公告,ok,1121,
002597,2018-01-20,2017,2017年度业绩预告修正公告,ok,762,
002669,2018-01-20,2017,2017年度业绩预告修正公告,ok,854,
002570,2018-01-22,2017,2017年度业绩预告修正及存在被实施退市风险警示的公告,ok,2365,
000786,2018-01-23,2017,2017年度业绩预告修正公告,ok,994,
002590,2018-01-23,2017,2017年度业绩预告修正公告,ok,783,
002622,2018-01-23,2017,2017年度业绩预告修正公告,ok,868,
002676,2018-01-23,2017,2017年度业绩预告修正公告,ok,1186,
002697,2018-01-23,2017,2017年度业绩预告修正公告,ok,904,
002729,2018-01-23,2017,2017年度业绩预告修正公告,ok,898,
300732,2018-01-23,2017,2017年度业绩预告修正公告,ok,916,
002209,2018-01-25,2017,2017年度业绩预告修正公告,ok,891,
002722,2018-01-25,2017,2017年度业绩预告修正公告,ok,1370,
002746,2018-01-25,2017,2017年度业绩预告修正公告,ok,841,
002760,2018-01-25,2017,2017年度业绩预告修正公告,ok,857,
002109,2018-01-26,2017,2017年度业绩预告修正公告,ok,1003,
000830,2018-01-27,2017,2017年度业绩预告修正公告,ok,1340,
002075,2018-01-27,2017,2017年度业绩预告修正公告,ok,770,
002168,2018-01-27,2017,2017年度业绩预告修正公告,ok,1590,
002315,2018-01-27,2017,2017年度业绩预告修正公告,ok,981,
002811,2018-01-27,2017,2017年度业绩预告修正公告,ok,996,
002850,2018-01-27,2017,2017年度业绩预告修正公告,ok,829,
000410,2018-01-29,2017,2017年度业绩预告修正公告,ok,1146,
002562,2018-01-29,2017,2017年度业绩预告修正公告,ok,933,
002875,2018-01-29,2017,2017年度业绩预告修正公告,ok,1223,
002016,2018-01-30,2017,2017年度业绩预告修正公告,ok,568,
002058,2018-01-30,2017,2017年度业绩预告修正公告,ok,819,
002166,2018-01-30,2017,2017年度业绩预告修正公告,ok,985,
002172,2018-01-30,2017,关于2017年度业绩预告修正公告,ok,900,
002212,2018-01-30,2017,2017年度业绩预告修正公告,ok,834,
002264,2018-01-30,2017,2017年度业绩预告修正公告,ok,958,
002292,2018-01-30,2017,2017年度业绩预告修正公告,ok,890,
002306,2018-01-30,2017,2017年度业绩预告修正公告,ok,1542,
002327,2018-01-30,2017,2017年度业绩预告修正公告,ok,915,
002384,2018-01-30,2017,2017年度业绩预告修正公告,ok,832,
002397,2018-01-30,2017,2017年度业绩预告修正公告,ok,785,
002399,2018-01-30,2017,2017年度业绩预告修正公告,ok,823,
002417,2018-01-30,2017,2017年度业绩预告修正公告,ok,789,
002458,2018-01-30,2017,2017年度业绩预告修正公告,ok,975,
002544,2018-01-30,2017,2017年度业绩预告修正公告,ok,1548,
002564,2018-01-30,2017,2017年度业绩预告修正公告,ok,920,
002703,2018-01-30,2017,2017年度业绩预告修正公告,ok,901,
002753,2018-01-30,2017,关于2017年度业绩预告修正公告,ok,795,
002762,2018-01-30,2017,2017年度业绩预告修正公告,ok,1203,
002884,2018-01-30,2017,2017年度业绩预告修正公告,ok,882,
300684,2018-01-30,2017,2017年度业绩预告修正公告,ok,1038,
002005,2018-01-31,2017,2017年度业绩预告修正公告,ok,1251,
002006,2018-01-31,2017,2017年度业绩预告修正公告,ok,775,
002041,2018-01-31,2017,2017年度业绩预告修正公告,ok,1038,
002046,2018-01-31,2017,2017年度业绩预告修正公告,ok,1257,
002061,2018-01-31,2017,2017年度业绩预告修正公告,ok,1085,
002065,2018-01-31,2017,2017年度业绩预告修正公告,ok,808,
002066,2018-01-31,2017,2017年度业绩快报及业绩预告修正公告,ok,2267,
002069,2018-01-31,2017,2017年度业绩预告修正公告,ok,1056,
002083,2018-01-31,2017,2017年度业绩预告修正公告,ok,1085,
002089,2018-01-31,2017,2017年度业绩预告修正公告,ok,876,
002111,2018-01-31,2017,2017年度业绩预告修正公告,ok,1030,
002131,2018-01-31,2017,2017年度业绩预告修正公告,ok,961,
002140,2018-01-31,2017,2017年度业绩预告修正公告,ok,1917,
002141,2018-01-31,2017,2017年度业绩预告修正公告,ok,971,
002156,2018-01-31,2017,2017年度业绩预告修正公告,ok,898,
002161,2018-01-31,2017,2017年度业绩预告修正公告,ok,1319,
002163,2018-01-31,2017,2017年度业绩预告修正公告,ok,801,
002170,2018-01-31,2017,2017年度业绩预告修正公告,ok,813,
002175,2018-01-31,2017,2017年度业绩预告修正公告,ok,810,
002180,2018-01-31,2017,2017年度业绩预告修正及商誉事项的公告,ok,1524,
002184,2018-01-31,2017,2017年度业绩预告修正公告,ok,1100,
002188,2018-01-31,2017,2017年度业绩预告修正公告,ok,1808,
002192,2018-01-31,2017,2017年度业绩预告修正公告,ok,1066,
002198,2018-01-31,2017,2017年度业绩预告修正公告,ok,1073,
002200,2018-01-31,2017,2017年度业绩预告修正公告,ok,1195,
002207,2018-01-31,2017,2017年度业绩预告修正公告,ok,2345,
002215,2018-01-31,2017,2017年度业绩预告修正公告,ok,906,
002217,2018-01-31,2017,2017年度业绩预告修正公告,ok,1120,
002226,2018-01-31,2017,2017年度业绩预告修正公告,ok,736,
002235,2018-01-31,2017,2017年度业绩预告修正公告,ok,1426,
002252,2018-01-31,2017,2017年度业绩预告修正公告,ok,979,
002263,2018-01-31,2017,2017年度业绩预告修正公告,ok,1471,
002270,2018-01-31,2017,2017年度业绩预告修正公告,ok,859,
002290,2018-01-31,2017,2017年度业绩预告修正公告,ok,1080,
002296,2018-01-31,2017,2017年度业绩预告修正公告,ok,1107,
002297,2018-01-31,2017,关于2017年度业绩预告修正公告,ok,908,
002316,2018-01-31,2017,2017年度业绩预告修正公告,ok,942,
002324,2018-01-31,2017,2017年度业绩预告修正公告,ok,857,
002342,2018-01-31,2017,2017年度业绩预告修正公告,ok,1233,
002363,2018-01-31,2017,2017年度业绩预告修正公告,ok,1433,
002364,2018-01-31,2017,2017年度业绩预告修正公告,ok,968,
002374,2018-01-31,2017,2017年度业绩预告修正公告,ok,908,
002379,2018-01-31,2017,2017年度业绩预告修正公告,ok,794,
002409,2018-01-31,2017,2017年度业绩预告修正公告,ok,1261,
002420,2018-01-31,2017,2017年度业绩预告修正公告,ok,905,
002422,2018-01-31,2017,2017年度业绩预告修正公告,ok,1032,
002423,2018-01-31,2017,2017年度业绩预告修正公告,ok,908,
002429,2018-01-31,2017,2017年度业绩预告修正公告,ok,1168,
002433,2018-01-31,2017,2017年度业绩预告修正公告,ok,784,
002443,2018-01-31,2017,2017年度业绩预告修正公告,ok,803,
002446,2018-01-31,2017,2017年度业绩预告修正公告,ok,1000,
002451,2018-01-31,2017,2017年度业绩预告修正公告,ok,716,
002456,2018-01-31,2017,2017年度业绩预告修正公告,ok,866,
002464,2018-01-31,2017,2017年度业绩预告修正公告,ok,1065,
002467,2018-01-31,2017,2017年度业绩预告修正公告,ok,689,
002473,2018-01-31,2017,2017年度业绩预告修正公告,ok,806,
002480,2018-01-31,2017,2017年度业绩预告修正公告,ok,778,
002486,2018-01-31,2017,2017年度业绩预告修正公告,ok,1134,
002504,2018-01-31,2017,2017年度业绩预告修正公告,ok,1124,
002510,2018-01-31,2017,2017年度业绩预告修正公告,ok,874,
002513,2018-01-31,2017,2017年度业绩预告修正公告,ok,1123,
002515,2018-01-31,2017,2017年度业绩预告修正公告,ok,2155,
002526,2018-01-31,2017,2017年度业绩预告修正公告的补充公告,ok,1192,
002535,2018-01-31,2017,2017年度业绩预告修正公告,ok,1234,
002547,2018-01-31,2017,2017年度业绩预告修正公告,ok,985,
002548,2018-01-31,2017,2017年度业绩预告修正公告,ok,934,
002569,2018-01-31,2017,2017年度业绩预告修正公告,ok,1010,
002573,2018-01-31,2017,2017年度业绩预告修正公告,ok,872,
002585,2018-01-31,2017,2017年度业绩预告修正公告,ok,998,
002586,2018-01-31,2017,2017年度业绩预告修正公告,ok,876,
002591,2018-01-31,2017,2017年度业绩预告修正公告,ok,800,
002599,2018-01-31,2017,2017年度业绩预告修正公告,ok,769,
002610,2018-01-31,2017,2017年度业绩预告修正公告,ok,1096,
002629,2018-01-31,2017,关于2017年度业绩预告修正公告,ok,926,
002631,2018-01-31,2017,2017年度业绩预告修正公告,ok,1217,
002638,2018-01-31,2017,2017年度业绩预告修正公告,ok,888,
002646,2018-01-31,2017,2017年度业绩预告修正公告,ok,1675,
002647,2018-01-31,2017,2017年度业绩预告修正公告,ok,1588,
002657,2018-01-31,2017,2017年度业绩预告修正公告,ok,945,
002661,2018-01-31,2017,2017年度业绩预告修正公告,ok,771,
002662,2018-01-31,2017,2017年度业绩预告的修正公告,ok,767,
002665,2018-01-31,2017,2017年度业绩预告修正公告,ok,1004,
002679,2018-01-31,2017,2017年度业绩预告修正公告,ok,1063,
002684,2018-01-31,2017,2017年度业绩预告修正公告,ok,1351,
002689,2018-01-31,2017,2017年度业绩预告修正公告,ok,877,
002694,2018-01-31,2017,2017年度业绩预告修正公告,ok,935,
002702,2018-01-31,2017,2017年度业绩预告修正公告,ok,993,
002719,2018-01-31,2017,2017年度业绩预告修正公告,ok,1032,
002723,2018-01-31,2017,关于2017年度业绩预告修正公告,ok,822,
002780,2018-01-31,2017,2017年度业绩预告修正公告,ok,843,
002785,2018-01-31,2017,2017年度业绩预告修正公告,ok,777,
002800,2018-01-31,2017,2017年度业绩预告修正公告,ok,1466,
002808,2018-01-31,2017,2017年度业绩预告修正公告,ok,813,
002848,2018-01-31,2017,2017年度业绩预告修正公告,ok,890,
002853,2018-01-31,2017,2017年度业绩预告修正公告,ok,950,
300029,2018-01-31,2017,2017年度业绩预告修正公告,ok,1239,
300076,2018-01-31,2017,2017年度业绩预告修正公告,ok,752,
300411,2018-01-31,2017,2017年度业绩预告修正公告,ok,982,
002193,2018-02-01,2017,2017年度业绩预告修正公告,ok,951,
002205,2018-02-01,2017,2017年度业绩预告修正公告,ok,763,
002261,2018-02-01,2017,2017年度业绩预告修正公告,ok,1034,
002529,2018-02-01,2017,2017年度业绩预告修正公告,ok,1078,
002113,2018-02-02,2017,2017年度业绩预告的修正公告,ok,959,
002211,2018-02-07,2017,2017年度业绩预告修正公告,ok,696,
002420,2018-02-07,2017,鹏元关于关注公司2017年度业绩预告修正事项的公告,ok,1,
000010,2018-02-10,2017,修正后的2017年度业绩预告,ok,1111,
000697,2018-02-10,2017,2017年度业绩预告修正公告,ok,1176,
002400,2018-02-28,2017,2017年度业绩快报及业绩预告修正公告,ok,2081,
002600,2018-02-28,2017,2017年度业绩预告修正及业绩快报,ok,2313,
300262,2018-02-28,2017,2017年度业绩预告修正公告及业绩快报,ok,2656,
300280,2018-02-28,2017,2017年度业绩快报及业绩预告修正公告,ok,1945,
000043,2018-03-09,2017,2017年度业绩预告修正公告,ok,1268,
000928,2018-03-10,2017,2017年度业绩预告修正公告,ok,1831,
000926,2018-03-17,2017,2017年度业绩预告修正公告,ok,1126,
300319,2018-03-22,2017,2017年度业绩预告及业绩快报修正公告,ok,2336,
000639,2018-03-29,2017,2017年度业绩预告修正公告,ok,1428,
300163,2018-03-30,2017,2017年度业绩预告及业绩快报修正公告,ok,2432,
300356,2018-04-11,2017,2017年度业绩预告及业绩快报修正公告,ok,1878,
000716,2018-04-12,2017,2017年度业绩预告修正公告,ok,1786,
300169,2018-04-13,2017,2017年度业绩预告及业绩快报修正公告,ok,2440,
300336,2018-04-13,2017,2017年度业绩预告及业绩快报修正公告,ok,2317,
000010,2018-04-14,2017,2017年度业绩预告修正公告,ok,1480,
000506,2018-04-14,2017,2017年度业绩快报及业绩预告修正公告,ok,2097,
000626,2018-04-14,2017,2017年度业绩预告修正公告,ok,1156,
000917,2018-04-14,2017,2017年度业绩预告修正公告,ok,1157,
000979,2018-04-14,2017,2017年度业绩预告修正公告,ok,1026,
000506,2018-04-16,2017,关于2017年度业绩预告修正公告的补充公告,ok,1479,
002447,2018-04-18,2017,2017年度业绩预告及业绩快报修正公告,ok,2138,
000603,2018-04-21,2017,2017年度业绩预告修正公告,ok,1025,
300062,2018-04-23,2017,2017年度业绩预告及业绩快报修正公告,ok,2165,
300306,2018-04-23,2017,2017年度业绩预告及业绩快报修正公告,ok,2065,
002513,2018-04-24,2017,2017年度业绩预告及业绩快报修正公告,ok,1797,
002604,2018-04-25,2017,2017年度业绩预告修正公告,ok,1025,
002711,2018-04-25,2017,2017年度业绩预告及业绩快报修正公告,ok,1779,
002785,2018-04-27,2017,2017年度业绩预告及业绩快报修正公告,ok,2156,
300152,2018-10-12,2018,2018年度1-9月业绩预告修正公告,ok,1020,
300152,2018-10-15,2018,2018年度1-9月业绩预告修正的补充公告,ok,1490,
002727,2018-11-02,2018,2018年度业绩预告修正公告,ok,1641,
002154,2018-11-20,2018,关于2018年度业绩预告修正公告,ok,897,
002315,2018-12-22,2018,2018年度业绩预告修正公告,ok,1081,
300221,2018-12-26,2018,2018年度业绩预告修正董事会说明,ok,1,
002160,2018-12-29,2018,2018年度业绩预告修正公告,ok,893,
002277,2018-12-29,2018,2018年度业绩预告修正公告,ok,1053,
002299,2019-01-08,2018,2018年度业绩预告修正公告,ok,887,
002714,2019-01-08,2018,2018年度业绩预告修正公告,ok,1173,
002916,2019-01-08,2018,2018年度业绩预告修正公告,ok,889,
002024,2019-01-09,2018,2018年度业绩预告修正公告,ok,1016,
002475,2019-01-10,2018,关于向上修正2018年度业绩预告区间的公告,ok,1060,
002674,2019-01-10,2018,关于2018年度业绩预告修正的公告,ok,884,
000985,2019-01-12,2018,2018年度业绩预告修正公告,ok,859,
002405,2019-01-12,2018,2018年度业绩预告修正公告,ok,1116,
002066,2019-01-15,2018,2018年度业绩快报及业绩预告修正公告,ok,2111,
002196,2019-01-15,2018,2018年度业绩预告修正公告,ok,1338,
002234,2019-01-15,2018,2018年度业绩预告修正公告,ok,762,
002569,2019-01-15,2018,2018年度业绩预告修正公告,ok,1219,
002761,2019-01-15,2018,2018年度业绩预告修正公告,ok,852,
002489,2019-01-16,2018,2018年度业绩预告修正公告（更新后）,ok,1127,
002776,2019-01-16,2018,2018年度业绩预告修正公告,ok,764,
002353,2019-01-18,2018,2018年度业绩预告修正公告,ok,839,
002003,2019-01-19,2018,2018年度业绩预告修正公告,ok,1047,
002241,2019-01-19,2018,2018年度业绩预告修正公告,ok,847,
002798,2019-01-19,2018,2018年度业绩预告修正公告,ok,1033,
002831,2019-01-19,2018,2018年度业绩预告修正公告,ok,888,
002634,2019-01-22,2018,2018年度业绩预告修正公告,ok,984,
002755,2019-01-22,2018,2018年度业绩预告修正公告,ok,733,
002417,2019-01-23,2018,2018年度业绩预告修正公告,ok,729,
002863,2019-01-23,2018,2018年度业绩预告修正公告,ok,857,
002214,2019-01-24,2018,2018年度业绩预告修正公告,ok,968,
002306,2019-01-24,2018,2018年度业绩预告修正公告,ok,1569,
002616,2019-01-24,2018,关于2018年度业绩预告修正公告,ok,817,
002302,2019-01-25,2018,2018年度业绩预告修正公告,ok,813,
002320,2019-01-25,2018,2018年度业绩预告修正公告,ok,1037,
002093,2019-01-26,2018,2018年度业绩预告修正公告,ok,1155,
002163,2019-01-26,2018,2018年度业绩预告修正公告,ok,787,
002338,2019-01-26,2018,2018年度业绩预告修正公告,ok,844,
002362,2019-01-26,2018,2018年度业绩预告修正公告,ok,772,
002393,2019-01-26,2018,2018年度业绩预告修正公告,ok,1051,
002426,2019-01-26,2018,2018年度业绩预告修正公告,ok,954,
002556,2019-01-26,2018,2018年度业绩预告修正公告,ok,954,
002685,2019-01-26,2018,2018年度业绩预告修正公告,ok,756,
002715,2019-01-26,2018,2018年度业绩预告修正公告,ok,751,
002813,2019-01-26,2018,2018年度业绩预告修正公告,ok,1021,
002011,2019-01-28,2018,2018年度业绩预告修正公告,ok,2905,
002102,2019-01-28,2018,关于2018年度业绩预告修正公告,ok,1949,
002255,2019-01-28,2018,2018年度业绩预告修正公告,ok,1492,
002615,2019-01-28,2018,2018年度业绩预告修正公告,ok,814,
002787,2019-01-28,2018,2018年度业绩预告修正公告,ok,875,
002936,2019-01-28,2018,2018年度业绩预告修正公告,ok,828,
000697,2019-01-29,2018,2018年度业绩预告修正公告,ok,1163,
002023,2019-01-29,2018,2018年度业绩预告修正公告,ok,760,
002039,2019-01-29,2018,2018年度业绩预告修正公告,ok,753,
002055,2019-01-29,2018,2018年度业绩预告修正公告,ok,792,
002058,2019-01-29,2018,2018年度业绩预告修正公告,ok,774,
002121,2019-01-29,2018,2018年度业绩预告修正公告,ok,1408,
002224,2019-01-29,2018,2018年度业绩预告修正公告,ok,977,
002231,2019-01-29,2018,2018年度业绩预告修正公告,ok,737,
002348,2019-01-29,2018,2018年度业绩预告修正公告,ok,828,
002458,2019-01-29,2018,2018年度业绩预告修正公告,ok,939,
002490,2019-01-29,2018,2018年度业绩预告修正公告,ok,800,
002503,2019-01-29,2018,2018年度业绩预告修正公告,ok,987,
002509,2019-01-29,2018,2018年度业绩预告修正公告,ok,1005,
002548,2019-01-29,2018,2018年度业绩预告修正公告,ok,1411,
002560,2019-01-29,2018,2018年度业绩预告修正公告,ok,900,
002607,2019-01-29,2018,2018年度业绩预告修正公告,ok,756,
002778,2019-01-29,2018,2018年度业绩预告修正公告,ok,758,
002932,2019-01-29,2018,2018年度业绩预告修正公告,ok,908,
300615,2019-01-29,2018,2018年度业绩预告修正公告,ok,923,
002005,2019-01-30,2018,2018年度业绩预告修正公告,ok,1754,
002070,2019-01-30,2018,2018年度业绩预告修正公告,ok,961,
002113,2019-01-30,2018,2018年度业绩预告修正公告,ok,935,
002128,2019-01-30,2018,2018年度业绩预告修正公告,ok,1059,
002136,2019-01-30,2018,2018年度业绩预告修正公告,ok,934,
002137,2019-01-30,2018,2018年度业绩预告修正公告,ok,1353,
002141,2019-01-30,2018,2018年度业绩预告修正公告,ok,978,
002147,2019-01-30,2018,2018年度业绩预告修正公告,ok,1012,
002178,2019-01-30,2018,2018年度业绩预告修正公告,ok,1512,
002199,2019-01-30,2018,2018年度业绩预告修正公告,ok,1102,
002201,2019-01-30,2018,2018年度业绩预告修正公告,ok,755,
002210,2019-01-30,2018,2018年度业绩预告修正公告,ok,1887,
002213,2019-01-30,2018,2018年度业绩预告修正公告,ok,820,
002248,2019-01-30,2018,2018年度业绩预告修正公告,ok,1098,
002249,2019-01-30,2018,2018年度业绩预告修正公告,ok,1854,
002265,2019-01-30,2018,2018年度业绩预告修正公告,ok,888,
002279,2019-01-30,2018,2018年度业绩预告修正公告,ok,1177,
002324,2019-01-30,2018,2018年度业绩预告修正公告,ok,933,
002329,2019-01-30,2018,2018年度业绩预告修正公告,ok,1183,
002384,2019-01-30,2018,2018年度业绩预告修正公告,ok,1674,
002387,2019-01-30,2018,2018年度业绩预告修正公告,ok,748,
002414,2019-01-30,2018,2018年度业绩预告修正公告,ok,788,
002447,2019-01-30,2018,2018年度业绩预告修正公告,ok,1183,
002452,2019-01-30,2018,2018年度业绩预告修正公告,ok,865,
002464,2019-01-30,2018,2018年度业绩预告修正公告,ok,1031,
002476,2019-01-30,2018,2018年度业绩预告修正公告,ok,2301,
002497,2019-01-30,2018,2018年度业绩快报及业绩预告修正公告,ok,1699,
002502,2019-01-30,2018,2018年度业绩预告修正公告,ok,1341,
002515,2019-01-30,2018,2018年度业绩预告修正公告,ok,1177,
002519,2019-01-30,2018,2018年度业绩预告修正公告,ok,1548,
002572,2019-01-30,2018,2018年度业绩预告修正公告,ok,1178,
002596,2019-01-30,2018,2018年度业绩预告修正公告,ok,954,
002617,2019-01-30,2018,2018年度业绩预告修正公告,ok,1077,
002649,2019-01-30,2018,关于2018年度业绩预告修正公告,ok,899,
002668,2019-01-30,2018,2018年度业绩预告修正公告,ok,1021,
002676,2019-01-30,2018,2018年度业绩预告修正公告,ok,1077,
002703,2019-01-30,2018,2018年度业绩预告修正公告,ok,1094,
002725,2019-01-30,2018,2018年度业绩预告修正公告,ok,768,
002740,2019-01-30,2018,2018年度业绩预告修正公告,ok,875,
002746,2019-01-30,2018,2018年度业绩预告修正公告,ok,843,
002760,2019-01-30,2018,2018年度业绩预告修正公告,ok,820,
002824,2019-01-30,2018,2018年度业绩预告修正公告,ok,914,
002871,2019-01-30,2018,2018年度业绩预告修正公告,ok,824,
002906,2019-01-30,2018,2018年度业绩预告修正公告,ok,1282,
300025,2019-01-30,2018,2018年度业绩预告修正公告,ok,759,
300410,2019-01-30,2018,2018年度业绩预告修正公告,ok,1179,
000755,2019-01-31,2018,2018年度业绩预告修正公告,ok,1132,
002006,2019-01-31,2018,2018年度业绩预告修正公告,ok,1287,
002018,2019-01-31,2018,2018年度业绩预告修正公告,ok,877,
002036,2019-01-31,2018,2018年度业绩预告修正公告,ok,1089,
002037,2019-01-31,2018,2018年度业绩预告修正公告,ok,957,
002047,2019-01-31,2018,2018年度业绩预告修正公告,ok,1242,
002067,2019-01-31,2018,2018年度业绩预告的修正公告,ok,1097,
002068,2019-01-31,2018,2018年度业绩预告修正公告,ok,892,
002072,2019-01-31,2018,2018年度业绩预告修正公告,ok,1008,
002073,2019-01-31,2018,2018年度业绩预告修正公告,ok,1195,
002077,2019-01-31,2018,2018年度业绩预告修正公告,ok,771,
002094,2019-01-31,2018,2018年度业绩预告修正公告,ok,929,
002098,2019-01-31,2018,2018年度业绩预告修正公告,ok,1108,
002111,2019-01-31,2018,2018年度业绩预告修正公告,ok,932,
002114,2019-01-31,2018,2018年度业绩预告修正公告,ok,969,
002122,2019-01-31,2018,2018年度业绩预告修正公告,ok,1661,
002123,2019-01-31,2018,2018年度业绩预告修正公告,ok,1895,
002124,2019-01-31,2018,2018年度业绩预告修正公告,ok,1588,
002125,2019-01-31,2018,2018年度业绩预告修正公告,ok,871,
002130,2019-01-31,2018,2018年度业绩预告修正的公告,ok,1583,
002131,2019-01-31,2018,2018年度业绩预告修正公告,ok,1708,
002132,2019-01-31,2018,2018年度业绩预告修正公告,ok,787,
002134,2019-01-31,2018,2018年度业绩预告修正公告,ok,867,
002143,2019-01-31,2018,2018年度业绩预告修正公告,ok,734,
002156,2019-01-31,2018,2018年度业绩预告修正公告,ok,899,
002161,2019-01-31,2018,2018年度业绩预告修正公告,ok,1054,
002167,2019-01-31,2018,关于2018年度业绩预告修正公告,ok,699,
002168,2019-01-31,2018,2018年度业绩预告修正公告,ok,1353,
002169,2019-01-31,2018,2018年度业绩预告修正公告,ok,982,
002173,2019-01-31,2018,2018年度业绩预告修正公告,ok,784,
002175,2019-01-31,2018,2018年度业绩预告修正公告,ok,943,
002176,2019-01-31,2018,2018年度业绩预告修正公告,ok,1036,
002181,2019-01-31,2018,2018年度业绩预告修正公告,ok,1244,
002184,2019-01-31,2018,2018年度业绩预告修正公告,ok,1292,
002186,2019-01-31,2018,2018年度业绩预告修正公告,ok,943,
002189,2019-01-31,2018,2018年度业绩预告修正公告,ok,787,
002197,2019-01-31,2018,2018年度业绩预告修正公告,ok,1210,
002205,2019-01-31,2018,2018年度业绩预告修正公告,ok,766,
002207,2019-01-31,2018,2018年度业绩预告修正公告,ok,1864,
002220,2019-01-31,2018,2018年度业绩预告修正公告,ok,870,
002228,2019-01-31,2018,2018年度业绩预告修正公告,ok,1632,
002247,2019-01-31,2018,2018年度业绩预告修正公告,ok,1079,
002252,2019-01-31,2018,2018年度业绩预告修正公告,ok,871,
002256,2019-01-31,2018,2018年度业绩预告修正公告,ok,1170,
002259,2019-01-31,2018,2018年度业绩预告修正公告,ok,989,
002260,2019-01-31,2018,2018年度业绩预告修正公告,ok,1390,
002270,2019-01-31,2018,2018年度业绩预告修正公告,ok,771,
002272,2019-01-31,2018,2018年度业绩预告修正公告,ok,920,
002280,2019-01-31,2018,2018年度业绩预告修正公告,ok,918,
002284,2019-01-31,2018,2018年度业绩预告修正公告,ok,845,
002285,2019-01-31,2018,2018年度业绩预告修正公告,ok,842,
002290,2019-01-31,2018,2018年度业绩预告修正公告,ok,1258,
002292,2019-01-31,2018,2018年度业绩预告修正公告,ok,838,
002309,2019-01-31,2018,2018年度业绩预告修正公告,ok,949,
002310,2019-01-31,2018,2018年度业绩预告修正公告,ok,833,
002328,2019-01-31,2018,2018年度业绩预告修正公告,ok,712,
002333,2019-01-31,2018,2018年度业绩预告修正公告,ok,994,
002335,2019-01-31,2018,2018年度业绩预告修正公告,ok,873,
002336,2019-01-31,2018,2018年度业绩预告修正公告,ok,1016,
002343,2019-01-31,2018,2018年度业绩预告修正公告,ok,2390,
002345,2019-01-31,2018,2018年度业绩预告修正公告,ok,997,
002355,2019-01-31,2018,2018年度业绩预告修正公告,ok,1332,
002359,2019-01-31,2018,2018年度业绩预告修正公告,ok,1328,
002364,2019-01-31,2018,2018年度业绩预告修正公告,ok,886,
002366,2019-01-31,2018,2018年度业绩预告修正公告,ok,875,
002374,2019-01-31,2018,2018年度业绩预告修正公告,ok,1157,
002383,2019-01-31,2018,2018年度业绩预告修正公告,ok,958,
002390,2019-01-31,2018,2018年度业绩预告修正公告,ok,1427,
002397,2019-01-31,2018,2018年度业绩预告修正公告,ok,1006,
002416,2019-01-31,2018,2018年度业绩预告修正公告,ok,865,
002420,2019-01-31,2018,2018年度业绩预告修正公告,ok,1128,
002427,2019-01-31,2018,2018年度业绩预告修正公告,ok,958,
002437,2019-01-31,2018,2018年度业绩预告修正公告,ok,856,
002450,2019-01-31,2018,2018年度业绩预告修正的公告,ok,916,
002470,2019-01-31,2018,2018年度业绩预告修正公告,ok,1373,
002471,2019-01-31,2018,2018年度业绩预告修正公告,ok,1187,
002473,2019-01-31,2018,2018年度业绩预告修正公告,ok,1258,
002479,2019-01-31,2018,2018年度业绩预告修正公告,ok,925,
002499,2019-01-31,2018,2018年度业绩预告修正公告,ok,793,
002501,2019-01-31,2018,2018年度业绩预告修正公告,ok,907,
002504,2019-01-31,2018,2018年度业绩预告修正公告,ok,855,
002505,2019-01-31,2018,2018年度业绩预告修正公告,ok,1373,
002510,2019-01-31,2018,2018年度业绩预告修正公告,ok,853,
002513,2019-01-31,2018,2018年度业绩预告修正公告,ok,935,
002524,2019-01-31,2018,2018年度业绩预告修正公告,ok,906,
002527,2019-01-31,2018,2018年度业绩预告修正公告,ok,1468,
002529,2019-01-31,2018,2018年度业绩预告修正公告,ok,1856,
002535,2019-01-31,2018,2018年度业绩预告修正公告,ok,844,
002544,2019-01-31,2018,2018年度业绩预告修正公告,ok,1647,
002548,2019-01-31,2018,大公关于关注公司2018年度业绩预告修正的公告,ok,1,
002555,2019-01-31,2018,2018年度业绩预告修正公告,ok,1299,
002564,2019-01-31,2018,2018年度业绩预告修正公告,ok,958,
002575,2019-01-31,2018,关于2018年度业绩预告预盈区间上调修正公告,ok,871,
002577,2019-01-31,2018,2018年度业绩预告修正公告,ok,899,
002585,2019-01-31,2018,2018年度业绩预告修正公告,ok,950,
002588,2019-01-31,2018,关于2018年度业绩预告的修正公告,ok,834,
002589,2019-01-31,2018,2018年度业绩预告修正公告,ok,1161,
002590,2019-01-31,2018,2018年度业绩预告修正公告,ok,863,
002609,2019-01-31,2018,2018年度业绩预告修正公告,ok,1067,
002611,2019-01-31,2018,2018年度业绩预告修正公告,ok,1224,
002622,2019-01-31,2018,2018年度业绩预告修正公告,ok,927,
002623,2019-01-31,2018,2018年度业绩预告修正公告,ok,1065,
002629,2019-01-31,2018,2018年度业绩预告修正公告,ok,1223,
002630,2019-01-31,2018,2018年度业绩预告修正公告,ok,1019,
002638,2019-01-31,2018,2018年度业绩预告修正公告,ok,1552,
002642,2019-01-31,2018,2018年度业绩预告修正公告,ok,1498,
002646,2019-01-31,2018,2018年度业绩预告修正公告,ok,1057,
002660,2019-01-31,2018,2018年度业绩预告修正公告,ok,1370,
002663,2019-01-31,2018,2018年度业绩预告修正公告,ok,838,
002671,2019-01-31,2018,2018年度业绩预告修正公告,ok,974,
002672,2019-01-31,2018,2018年度业绩预告修正公告,ok,975,
002681,2019-01-31,2018,2018年度业绩预告修正公告,ok,975,
002684,2019-01-31,2018,2018年度业绩预告修正公告,ok,1274,
002686,2019-01-31,2018,2018年度业绩预告修正公告,ok,928,
002694,2019-01-31,2018,2018年度业绩预告修正公告,ok,891,
002696,2019-01-31,2018,2018年度业绩预告修正公告,ok,1289,
002707,2019-01-31,2018,2018年度业绩预告修正公告,ok,1094,
002708,2019-01-31,2018,2018年度业绩预告修正公告,ok,972,
002711,2019-01-31,2018,2018年度业绩预告修正公告,ok,1281,
002721,2019-01-31,2018,2018年度业绩预告修正公告,ok,925,
002731,2019-01-31,2018,2018年度业绩预告修正公告,ok,920,
002739,2019-01-31,2018,2018年度业绩预告修正公告,ok,836,
002762,2019-01-31,2018,2018年度业绩预告修正公告,ok,1203,
002765,2019-01-31,2018,2018年度业绩预告修正公告,ok,1123,
002766,2019-01-31,2018,2018年度业绩预告修正公告,ok,781,
002816,2019-01-31,2018,2018年度业绩预告修正公告,ok,839,
002829,2019-01-31,2018,2018年度业绩预告修正公告,ok,1133,
002840,2019-01-31,2018,2018年度业绩预告修正公告,ok,782,
002847,2019-01-31,2018,2018年度业绩预告修正公告,ok,894,
002848,2019-01-31,2018,2018年度业绩预告修正公告,ok,984,
002858,2019-01-31,2018,2018年度业绩预告修正公告,ok,895,
300025,2019-01-31,2018,2018年度业绩预告修正的补充公告,ok,1196,
300128,2019-01-31,2018,2018年度业绩预告修正公告,ok,1795,
300174,2019-01-31,2018,2018年度业绩预告修正公告,ok,663,
002038,2019-02-01,2018,2018年度业绩预告修正公告,ok,836,
002390,2019-02-01,2018,新世纪评级关于关注公司2018年度业绩预告修正事项的公告,ok,1,
002581,2019-02-01,2018,联合信用评级有限公司关于公司2018年度业绩预告修正的关注公告,ok,0,
002716,2019-02-01,2018,2018年度业绩预告修正公告,ok,965,
002224,2019-02-02,2018,新世纪评级对公司2018年度业绩预告修正的关注公告,ok,0,
002345,2019-02-02,2018,东方金诚国际信用评估有限公司关于公司2018年度业绩预告修正的关注公告,ok,0,
002527,2019-02-02,2018,联合信用评级有限公司关于公司2018年度业绩预告修正的关注公告,ok,0,
002719,2019-02-02,2018,2018年度业绩预告修正公告,ok,1299,
002329,2019-02-13,2018,关于对2018年度业绩预告修正问询函回复的公告,ok,4331,
002210,2019-02-14,2018,关于公司2018年度业绩预告修正关注函的专项说明,ok,7,
002067,2019-02-20,2018,2018年度业绩预告修正公告的补充说明,ok,1115,
002471,2019-02-21,2018,2018年度业绩预告修正公告的更正公告,ok,1136,
002537,2019-02-25,2018,2018年度业绩预告修正公告,ok,2157,
002192,2019-02-27,2018,2018年度业绩预告修正公告,ok,1065,
002356,2019-02-28,2018,2018年度业绩预告修正及业绩快报,ok,2728,
002517,2019-02-28,2018,2018年度业绩快报暨业绩预告修正公告,ok,2745,
300077,2019-02-28,2018,2018年度业绩快报暨业绩预告修正公告,ok,2714,
300375,2019-02-28,2018,2018年度业绩预告修正公告,ok,1375,
603032,2019-02-28,2018,2018年度业绩预告修正公告,ok,1477,
002354,2019-03-06,2018,关于对公司《2018年度业绩预告修正公告》的关注函的答复,ok,43262,
002611,2019-03-06,2018,关于公司2018年度业绩预告修正关注函的专项说明,ok,5,
000585,2019-03-28,2018,2018年度业绩预告修正公告,ok,1905,
000595,2019-04-04,2018,关于2018年度业绩预告修正公告,ok,1158,
000048,2019-04-12,2018,2018年度业绩预告修正公告,ok,3630,
000509,2019-04-13,2018,2018年度业绩预告修正公告,ok,1234,
000611,2019-04-15,2018,2018年度业绩预告修正公告,ok,1253,
000038,2019-04-16,2018,2018年度业绩预告修正公告,ok,1277,
000058,2019-04-16,2018,2018年度业绩预告修正公告,ok,1231,
300061,2019-04-19,2018,2018年度业绩预告及业绩快报修正公告,ok,2613,
300449,2019-04-23,2018,关于2018年度业绩预告及业绩快报的修正公告,ok,2105,
002509,2019-04-25,2018,2018年度业绩预告修正公告,ok,1187,
000981,2019-04-26,2018,2018年度业绩预告修正公告,ok,1400,
002359,2019-04-27,2018,2018年度业绩预告修正公告,ok,1260,
002509,2019-04-29,2018,联合信用评级有限公司关于公司2018年度业绩预告修正及收到行政监管措施决定书的关注公告,ok,1,
000662,2019-04-30,2018,2018年度业绩预告修正公告,ok,1081,
002299,2020-01-04,2019,2019年度业绩预告修正公告,ok,949,
002324,2020-01-08,2019,2019年度业绩预告修正公告,ok,883,
002008,2020-01-09,2019,关于2019年度业绩预告修正的公告,ok,716,
300105,2020-01-13,2019,2019年度业绩预告修正公告,ok,882,
002432,2020-01-14,2019,2019年度业绩预告修正公告,ok,2367,
002772,2020-01-14,2019,2019年度业绩预告修正公告,ok,1319,
002509,2020-01-15,2019,2019年度业绩预告修正公告,ok,1172,
002590,2020-01-15,2019,2019年度业绩预告修正公告,ok,1056,
300163,2020-01-16,2019,2019年度业绩预告修正公告,ok,842,
000908,2020-01-17,2019,2019年度业绩预告修正公告,ok,2204,
002006,2020-01-17,2019,2019年度业绩预告修正公告,ok,1826,
002509,2020-01-17,2019,联合信用评级有限公司关于公司2019年度业绩预告修正及收到深交所关注函的关注公告,ok,0,
300715,2020-01-17,2019,2019年度业绩预告修正公告,ok,765,
000558,2020-01-18,2019,2019年度业绩预告修正公告,ok,1682,
002182,2020-01-20,2019,2019年度业绩预告修正公告,ok,1015,
002489,2020-01-20,2019,2019年度业绩预告修正公告,ok,1175,
002384,2020-01-21,2019,2019年度业绩预告修正的公告,ok,1645,
002709,2020-01-21,2019,2019年度业绩预告修正公告,ok,1837,
002813,2020-01-21,2019,2019年度业绩预告修正公告,ok,897,
002903,2020-01-21,2019,2019年度业绩预告修正公告,ok,823,
300130,2020-01-21,2019,2019年度业绩预告修正公告,ok,1729,
300270,2020-01-21,2019,2019年度业绩预告修正公告,ok,960,
002058,2020-01-22,2019,2019年度业绩预告修正公告,ok,813,
002211,2020-01-22,2019,2019年度业绩预告修正公告,ok,1670,
002280,2020-01-22,2019,2019年度业绩预告修正及存在被实施退市风险警示的公告,ok,1430,
002407,2020-01-22,2019,2019年度业绩预告修正公告,ok,1599,
002418,2020-01-22,2019,2019年度业绩预告修正公告,ok,1218,
002420,2020-01-22,2019,2019年度业绩预告修正公告,ok,1316,
002459,2020-01-22,2019,2019年度业绩预告修正公告,ok,1309,
002544,2020-01-22,2019,2019年度业绩预告修正公告,ok,1146,
002692,2020-01-22,2019,2019年度业绩预告修正公告,ok,1607,
002059,2020-01-23,2019,2019年度业绩预告修正公告,ok,945,
002092,2020-01-23,2019,2019年度业绩预告修正公告,ok,860,
002098,2020-01-23,2019,2019年度业绩预告修正公告,ok,873,
002123,2020-01-23,2019,2019年度业绩预告修正公告,ok,1640,
002137,2020-01-23,2019,2019年度业绩预告修正公告,ok,840,
002192,2020-01-23,2019,2019年度业绩预告修正公告,ok,1828,
002260,2020-01-23,2019,2019年度业绩预告修正公告,ok,1371,
002290,2020-01-23,2019,2019年度业绩预告修正公告,ok,1207,
002357,2020-01-23,2019,2019年度业绩预告修正公告,ok,916,
002359,2020-01-23,2019,2019年度业绩预告修正公告,ok,908,
002370,2020-01-23,2019,2019年度业绩预告修正公告,ok,868,
002501,2020-01-23,2019,2019年度业绩预告修正公告,ok,2200,
002513,2020-01-23,2019,2019年度业绩预告修正公告,ok,1232,
002536,2020-01-23,2019,2019年度业绩预告修正公告,ok,993,
002711,2020-01-23,2019,2019年度业绩预告修正公告,ok,2414,
002765,2020-01-23,2019,2019年度业绩预告修正公告,ok,1111,
300167,2020-01-23,2019,2019年度业绩预告修正公告,ok,974,
300173,2020-01-23,2019,2019年度业绩预告修正公告,ok,866,
300808,2020-01-23,2019,2019年度业绩预告修正公告,ok,938,
002141,2020-01-31,2019,2019年度业绩预告修正公告,ok,1059,
002184,2020-01-31,2019,2019年度业绩预告修正公告,ok,958,
002249,2020-01-31,2019,2019年度业绩预告修正公告,ok,1377,
002308,2020-01-31,2019,2019年度业绩预告修正公告,ok,2333,
002316,2020-01-31,2019,2019年度业绩预告修正公告,ok,1043,
002335,2020-01-31,2019,2019年度业绩预告修正公告,ok,926,
002364,2020-01-31,2019,2019年度业绩预告修正公告,ok,1073,
002383,2020-01-31,2019,2019年度业绩预告修正公告,ok,1025,
002471,2020-01-31,2019,2019年度业绩预告修正公告,ok,1075,
002496,2020-01-31,2019,2019年度业绩预告修正公告,ok,986,
002512,2020-01-31,2019,2019年度业绩预告修正公告,ok,1148,
002623,2020-01-31,2019,2019年度业绩预告修正公告,ok,1311,
002696,2020-01-31,2019,2019年度业绩预告修正公告,ok,1105,
002800,2020-01-31,2019,2019年度业绩预告修正公告,ok,1037,
000697,2020-02-03,2019,2019年度业绩预告修正公告,ok,1453,
002341,2020-02-03,2019,2019年度业绩预告修正公告,ok,969,
002389,2020-02-03,2019,2019年度业绩预告修正公告,ok,931,
002429,2020-02-03,2019,2019年度业绩预告修正公告,ok,1107,
002466,2020-02-03,2019,2019年度业绩预告修正公告,ok,3852,
002537,2020-02-03,2019,2019年度业绩预告修正公告,ok,1224,
002719,2020-02-03,2019,2019年度业绩预告修正的更正公告,ok,1798,
300270,2020-02-05,2019,2019年度业绩预告修正公告的补充公告,ok,753,
300241,2020-02-10,2019,2019年度业绩预告修正公告,ok,858,
002537,2020-02-13,2019,关于公司对深圳证券交易所的2019年度业绩预告修正问询函的回复,ok,6188,
300029,2020-02-26,2019,2019年度业绩预告修正公告,ok,1070,
300469,2020-02-26,2019,2019年度业绩预告修正公告及业绩快报,ok,4910,
300265,2020-02-28,2019,2019年度业绩预告修正公告及业绩快报,ok,2331,
300300,2020-02-28,2019,2019年度业绩预告修正公告,ok,1310,
300338,2020-02-28,2019,2019年度业绩预告修正公告及业绩快报,ok,2918,
300461,2020-02-28,2019,2019年度业绩快报暨业绩预告修正公告,ok,2729,
002583,2020-02-29,2019,2019年度业绩预告修正公告,ok,2086,
300338,2020-03-02,2019,2019年度业绩预告修正公告及业绩快报的更正公告,ok,3485,
000670,2020-03-04,2019,2019年度业绩预告修正公告,ok,1359,
002943,2020-03-10,2019,2019年度业绩预告及业绩快报修正公告,ok,2193,
300387,2020-03-20,2019,2019年度业绩预告修正公告及业绩快报,ok,2524,
000698,2020-03-28,2019,2019年度业绩预告修正公告,ok,1161,
000813,2020-03-31,2019,2019年度业绩预告修正公告,ok,1148,
000927,2020-03-31,2019,2019年度业绩预告修正公告,ok,1119,
002856,2020-04-01,2019,2019年度业绩预告修正公告,ok,1050,
300064,2020-04-04,2019,2019年度业绩预告及业绩快报修正公告,ok,2945,
002750,2020-04-14,2019,2019年度业绩预告修正公告,ok,1552,
002005,2020-04-15,2019,2019年度业绩预告修正公告,ok,2271,
002240,2020-04-15,2019,2019年度业绩预告修正公告,ok,1333,
002356,2020-04-15,2019,2019年度业绩预告修正及业绩快报,ok,2369,
000760,2020-04-16,2019,2019年度业绩预告修正公告,ok,1966,
300163,2020-04-16,2019,2019年度业绩预告及业绩快报修正公告,ok,2497,
002513,2020-04-17,2019,2019年度业绩预告及业绩快报修正公告,ok,2318,
300350,2020-04-18,2019,2019年度业绩预告及业绩快报修正公告,ok,2794,
002813,2020-04-20,2019,2019年度业绩预告及业绩快报修正公告,ok,3065,
300164,2020-04-20,2019,2019年度业绩预告及业绩快报修正公告,ok,3046,
300319,2020-04-21,2019,2019年度业绩预告及业绩快报修正公告,ok,2692,
300466,2020-04-23,2019,关于2019年度业绩预告及业绩快报修正公告,ok,2381,
002530,2020-04-24,2019,2019年度业绩预告及业绩快报修正公告,ok,2872,
300140,2020-04-24,2019,关于公司2019年度业绩预告及业绩快报的修正公告,ok,2813,
300180,2020-04-24,2019,2019年度业绩快报及业绩预告修正公告,ok,2319,
300173,2020-04-27,2019,关于2019年度业绩预告及业绩快报的修正公告,ok,3892,
000851,2020-04-28,2019,2019年度业绩预告修正公告,ok,960,
002220,2020-04-28,2019,2019年度业绩预告修正公告,ok,1204,
300085,2020-04-29,2019,2019年度业绩预告及业绩快报修正公告,ok,2845,
000981,2020-04-30,2019,2019年度业绩预告修正公告,ok,1924,
002256,2020-04-30,2019,2019年度业绩预告及业绩快报修正公告,ok,2330,
002575,2020-04-30,2019,2019年度业绩预告及业绩快报的修正公告,ok,2807,
002586,2020-04-30,2019,2019年度业绩预告修正公告,ok,867,
002640,2020-04-30,2019,2019年度业绩预告修正公告,ok,1581,
000760,2020-06-13,2019,2019年度业绩预告修正公告,ok,1384,
000980,2020-06-19,2019,2019年度业绩预告修正公告,ok,1584,
000662,2020-06-30,2019,2019年度业绩预告修正公告,ok,1445,
002813,2020-12-01,2020,2020年度业绩预告修正公告,ok,840,
002922,2020-12-31,2020,2020年度业绩预告修正公告,ok,1834,
000786,2021-01-13,2020,2020年度业绩预告修正公告,ok,993,
002051,2021-01-16,2020,2020年度业绩预告修正公告,ok,1224,
002092,2021-01-16,2020,2020年度业绩预告修正公告,ok,976,
300910,2021-01-19,2020,2020年度业绩预告修正公告,ok,1003,
300767,2021-01-20,2020,2020年度业绩预告修正公告,ok,1333,
002489,2021-01-23,2020,2020年度业绩预告修正公告,ok,1079,
300618,2021-01-25,2020,2020年度业绩预告修正公告,ok,1173,
002290,2021-01-26,2020,2020年度业绩预告修正公告,ok,1317,
002023,2021-01-28,2020,2020年度业绩预告修正公告,ok,1096,
002386,2021-01-28,2020,2020年度业绩预告修正公告,ok,1010,
300821,2021-01-28,2020,2020年度业绩预告修正公告,ok,1169,
000611,2021-01-29,2020,2020年度业绩预告修正公告,ok,1543,
000835,2021-01-29,2020,2020年度业绩预告修正公告,ok,1438,
002118,2021-01-29,2020,2020年度业绩预告修正公告,ok,1950,
002192,2021-01-29,2020,2020年度业绩预告修正公告,ok,1907,
002400,2021-01-29,2020,2020年度业绩预告修正公告,ok,1414,
002656,2021-01-29,2020,2020年度业绩预告修正公告,ok,1535,
002940,2021-01-29,2020,2020年度业绩预告修正公告,ok,1285,
300053,2021-01-29,2020,2020年度业绩预告的补充暨修正公告,ok,2005,
000545,2021-01-30,2020,2020年度业绩预告修正公告,ok,1460,
000558,2021-01-30,2020,2020年度业绩预告修正公告,ok,1673,
000611,2021-01-30,2020,2020年度业绩预告修正公告的补充公告,ok,1630,
000931,2021-01-30,2020,2020年度业绩预告修正公告,ok,1414,
002044,2021-01-30,2020,2020年度业绩预告修正公告,ok,1503,
002055,2021-01-30,2020,2020年度业绩预告修正公告,ok,1369,
002058,2021-01-30,2020,2020年度业绩预告修正公告,ok,1433,
002059,2021-01-30,2020,2020年度业绩预告修正公告,ok,1426,
002134,2021-01-30,2020,2020年度业绩预告修正公告,ok,1243,
002141,2021-01-30,2020,2020年度业绩预告修正公告,ok,1385,
002174,2021-01-30,2020,2020年度业绩预告修正公告,ok,1516,
002240,2021-01-30,2020,关于2020年度业绩预告修正及补充公告,ok,1540,
002289,2021-01-30,2020,2020年度业绩预告修正公告,ok,1727,
002308,2021-01-30,2020,2020年度业绩预告修正公告,ok,1768,
002316,2021-01-30,2020,2020年度业绩预告修正公告,ok,1841,
002321,2021-01-30,2020,2020年度业绩预告修正公告,ok,1322,
002341,2021-01-30,2020,2020年度业绩预告修正公告,ok,1563,
002355,2021-01-30,2020,2020年度业绩预告修正公告,ok,1579,
002437,2021-01-30,2020,2020年度业绩预告修正公告,ok,1966,
002460,2021-01-30,2020,2020年度业绩预告修正公告,ok,1126,
002496,2021-01-30,2020,2020年度业绩预告修正公告,ok,1583,
002503,2021-01-30,2020,2020年度业绩预告修正公告,ok,1264,
002512,2021-01-30,2020,2020年度业绩预告修正公告,ok,1170,
002574,2021-01-30,2020,2020年度业绩预告修正公告,ok,1242,
002638,2021-01-30,2020,2020年度业绩预告修正公告,ok,2323,
002665,2021-01-30,2020,2020年度业绩预告修正公告,ok,1368,
002696,2021-01-30,2020,2020年度业绩预告修正公告,ok,1222,
002719,2021-01-30,2020,关于2020年度业绩预告修正的公告,ok,1169,
002765,2021-01-30,2020,2020年度业绩预告修正公告,ok,2348,
002766,2021-01-30,2020,2020年度业绩预告修正及补充公告,ok,1215,
000737,2021-02-01,2020,2020年度业绩预告修正公告,ok,1364,
300080,2021-02-01,2020,2020年度业绩预告修正公告,ok,2448,
002496,2021-02-04,2020,2020年度业绩预告修正公告,ok,1598,
000726,2021-02-05,2020,联合资信评估股份有限公司关于公司2020年度业绩预告修正的关注公告,ok,0,
002503,2021-02-05,2020,联合资信评估股份有限公司关于公司2020年度业绩预告修正的关注公告,ok,0,
000151,2021-02-06,2020,2020年度业绩预告修正公告,ok,1241,
300427,2021-02-26,2020,红相股份有限公司2020年度业绩预告修正公告,ok,1538,
300736,2021-02-26,2020,2020年度业绩预告修正公告,ok,1418,
300350,2021-03-11,2020,2020年度业绩预告修正公告,ok,1423,
002058,2021-03-13,2020,2020年度业绩预告第二次修正公告,ok,1336,
000972,2021-03-17,2020,2020年度业绩预告修正公告,ok,1545,
000608,2021-03-20,2020,2020年度业绩预告修正公告,ok,1141,
002369,2021-03-23,2020,2020年度业绩预告修正公告,ok,1680,
002552,2021-03-23,2020,2020年度业绩预告修正公告,ok,999,
002766,2021-03-24,2020,2020年度业绩预告修正公告,ok,1910,
002382,2021-03-26,2020,关于2020年度业绩预告修正及致歉的公告,ok,2099,
300080,2021-03-29,2020,2020年度业绩预告修正公告,ok,2359,
300024,2021-03-31,2020,2020年度业绩预告修正公告,ok,2614,
300262,2021-03-31,2020,2020年度业绩预告修正公告,ok,2469,
300392,2021-03-31,2020,2020年度业绩预告修正公告,ok,1632,
002464,2021-04-06,2020,2020年度业绩修正预告,ok,2200,
300232,2021-04-06,2020,2020年度业绩预告修正公告,ok,1719,
300736,2021-04-09,2020,2020年度业绩预告修正公告,ok,1426,
300199,2021-04-10,2020,2020年度业绩预告修正公告,ok,2293,
002570,2021-04-13,2020,2020年度业绩快报暨业绩预告修正公告,ok,2264,
002780,2021-04-13,2020,2020年度业绩预告修正公告,ok,1553,
300272,2021-04-13,2020,2020年度业绩预告修正公告,ok,2397,
300795,2021-04-13,2020,2020年度业绩预告修正公告,ok,1475,
300534,2021-04-14,2020,2020年度业绩预告修正公告,ok,1439,
000017,2021-04-15,2020,2020年度业绩预告修正公告,ok,1781,
000523,2021-04-15,2020,2020年度业绩预告修正公告,ok,2000,
000525,2021-04-15,2020,2020年度业绩快报暨业绩预告修正公告,ok,2836,
000606,2021-04-15,2020,2020年度业绩预告修正公告,ok,1137,
002076,2021-04-15,2020,2020年度业绩快报暨业绩预告修正公告,ok,3765,
002160,2021-04-15,2020,2020年度业绩快报暨业绩预告修正公告,ok,2252,
002343,2021-04-15,2020,2020年度业绩快报暨业绩预告修正公告,ok,3434,
002348,2021-04-15,2020,高乐股份2020年度业绩预告修正公告,ok,1659,
002485,2021-04-15,2020,2020年度业绩预告修正及业绩快报,ok,2504,
002505,2021-04-15,2020,2020年度业绩快报暨业绩预告修正公告,ok,3466,
002816,2021-04-15,2020,2020年度业绩预告修正公告,ok,1330,
300159,2021-04-15,2020,新研股份2020年度业绩预告修正公告,ok,1454,
300245,2021-04-15,2020,2020年度业绩预告修正公告,ok,1460,
300836,2021-04-15,2020,2020年度业绩预告修正公告,ok,953,
300289,2021-04-16,2020,2020年度业绩快报及业绩预告修正公告,ok,2732,
300299,2021-04-16,2020,2020年度业绩预告修正公告,ok,899,
002456,2021-04-17,2020,2020年度业绩预告、业绩快报修正及致歉的公告,ok,4006,
300313,2021-04-17,2020,2020年度业绩预告修正公告,ok,1805,
300279,2021-04-19,2020,无锡和晶科技股份有限公司2020年度业绩预告修正公告,ok,2886,
002668,2021-04-20,2020,2020年度业绩预告修正公告,ok,1672,
300469,2021-04-20,2020,2020年度业绩预告修正公告,ok,2040,
000892,2021-04-21,2020,2020年度业绩预告修正公告,ok,1833,
002836,2021-04-21,2020,2020年度业绩预告的修正公告,ok,2191,
300022,2021-04-21,2020,2020年度业绩预告修正公告,ok,1495,
300029,2021-04-21,2020,2020年度业绩预告修正公告,ok,2006,
300278,2021-04-22,2020,2020年度业绩预告、业绩快报修正暨董事会致歉公告,ok,2158,
300343,2021-04-22,2020,2020年度业绩预告修正公告,ok,1423,
000572,2021-04-23,2020,2020年度业绩快报暨业绩预告修正公告,ok,2569,
002153,2021-04-23,2020,2020年度业绩预告修正公告,ok,4118,
300182,2021-04-23,2020,2020年度业绩预告修正公告,ok,1671,
300585,2021-04-23,2020,2020年度业绩快报及业绩预告修正公告,ok,2420,
300713,2021-04-23,2020,2020年度业绩预告修正公告,ok,1469,
000611,2021-04-24,2020,2020年度业绩预告修正公告,ok,1885,
002366,2021-04-24,2020,2020年度业绩预告、业绩快报修正及致歉公告,ok,3080,
300301,2021-04-24,2020,2020年度业绩预告修正公告,ok,1426,
002193,2021-04-26,2020,2020年度业绩预告修正公告,ok,1511,
300175,2021-04-26,2020,2020年度业绩预告修正公告,ok,1550,
002618,2021-04-27,2020,丹邦科技2020年度业绩预告修正公告,ok,2067,
002898,2021-04-27,2020,2020年度业绩预告修正公告,ok,1898,
000609,2021-04-28,2020,中迪投资2020年度业绩预告修正公告,ok,1647,
000998,2021-04-28,2020,2020年度业绩快报及业绩预告修正公告,ok,2676,
002086,2021-04-28,2020,2020年度业绩预告、业绩快报修正及致歉公告,ok,2788,
002411,2021-04-28,2020,2020年度业绩预告修正公告,ok,1583,
002548,2021-04-28,2020,2020年度业绩预告修正公告,ok,1487,
002740,2021-04-28,2020,2020年度业绩预告修正公告,ok,1397,
002592,2021-04-29,2020,2020年度业绩预告、业绩快报修正公告,ok,2533,
002610,2021-04-29,2020,关于2020年度业绩预告修正及致歉的公告,ok,1691,
002174,2021-04-30,2020,2020年度业绩预告修正公告,ok,1869,
002411,2021-04-30,2020,2020年度经审计业绩与业绩预告、业绩预告修正公告存在差异暨董事会致歉的公告,ok,1016,
002640,2021-04-30,2020,2020年度业绩预告修正公告,ok,1605,
002776,2021-04-30,2020,2020年度业绩预告修正公告,ok,1001,
300297,2021-04-30,2020,2020年度业绩预告修正公告,ok,2024,
000760,2021-07-06,2020,2020年度业绩预告、业绩快报修正公告,ok,3771,
301049,2022-01-07,2021,2021年度业绩预告修正公告,ok,1658,
000969,2022-01-12,2021,安泰科技股份有限公司2021年度业绩预告修正公告,ok,1534,
002823,2022-01-18,2021,2021年度业绩预告修正公告,ok,1600,
002840,2022-02-26,2021,2021年度业绩预告修正公告,ok,1480,
300013,2022-03-03,2021,2021年度业绩预告修正公告,ok,1537,
002619,2022-03-16,2021,艾格拉斯股份有限公司2021年度业绩预告第二次修正公告,ok,1697,
002629,2022-03-16,2021,2021年度业绩预告修正公告,ok,1386,
000835,2022-03-17,2021,2021年度业绩预告修正公告,ok,1959,
002662,2022-03-17,2021,2021年度业绩预告的修正公告,ok,1088,
300222,2022-03-25,2021,2021年度业绩预告修正公告,ok,1698,
000737,2022-03-26,2021,2021年度业绩预告修正公告,ok,1335,
002875,2022-03-26,2021,2021年度业绩预告修正公告,ok,1318,
002288,2022-03-29,2021,关于2021年度业绩预告修正及致歉的公告,ok,1510,
000585,2022-03-30,2021,2021年度业绩预告修正公告,ok,2405,
300533,2022-03-30,2021,2021年度业绩预告修正公告,ok,2001,
002383,2022-03-31,2021,2021年度业绩预告修正公告,ok,1287,
002123,2022-04-01,2021,2021年度业绩快报暨业绩预告修正公告,ok,4193,
300105,2022-04-01,2021,2021年度业绩预告修正公告,ok,1467,
300694,2022-04-01,2021,2021年度业绩预告修正公告,ok,1682,
002002,2022-04-02,2021,鸿达兴业股份有限公司2021年度业绩预告修正公告,ok,2244,
002418,2022-04-02,2021,2021年度业绩预告修正公告,ok,1786,
002205,2022-04-06,2021,新疆国统管道股份有限公司2021年度业绩预告修正公告,ok,1148,
002284,2022-04-07,2021,2021年度业绩快报暨业绩预告修正公告,ok,2719,
300703,2022-04-07,2021,2021年度业绩预告修正公告,ok,1341,
300103,2022-04-12,2021,2021年度业绩预告修正公告,ok,1433,
300588,2022-04-13,2021,2021年度业绩预告修正公告,ok,1382,
002782,2022-04-15,2021,2021年度业绩预告修正公告,ok,1334,
300534,2022-04-15,2021,2021年度业绩预告修正公告,ok,1492,
000403,2022-04-16,2021,派斯双林生物制药股份有限公司2021年度业绩预告修正公告,ok,1344,
300084,2022-04-16,2021,2021年度业绩预告修正公告,ok,1458,
300344,2022-04-16,2021,2021年度业绩预告修正公告,ok,1740,
300094,2022-04-18,2021,2021年度业绩预告修正公告,ok,1287,
300237,2022-04-18,2021,2021年度业绩预告修正公告,ok,1357,
300937,2022-04-18,2021,2021年度业绩快报暨业绩预告修正公告,ok,3391,
000587,2022-04-19,2021,2021年度业绩预告修正公告,ok,1654,
000882,2022-04-19,2021,2021年度业绩预告修正公告,ok,1343,
002146,2022-04-19,2021,2021年度业绩预告修正公告,ok,1672,
300032,2022-04-19,2021,2021年度业绩预告修正公告,ok,2403,
002348,2022-04-20,2021,高乐股份2021年度业绩预告修正公告,ok,1235,
002503,2022-04-20,2021,2021年度业绩预告修正公告,ok,2011,
002657,2022-04-20,2021,2021年度业绩预告修正公告,ok,1258,
300109,2022-04-20,2021,2021年度业绩快报暨业绩预告修正公告,ok,2806,
002021,2022-04-21,2021,2021年度业绩预告修正公告,ok,1888,
002898,2022-04-21,2021,2021年度业绩预告修正公告,ok,1390,
300044,2022-04-21,2021,2021年度业绩预告修正公告,ok,2130,
300237,2022-04-22,2021,联合资信评估股份有限公司关于山东美晨生态环境股份有限公司收到山东证监局行政监管措施决定书以及2021年度业绩预告修正的关,ok,1109,
300251,2022-04-22,2021,2021年度业绩预告修正公告,ok,3020,
300325,2022-04-22,2021,江苏德威新材料股份有限公司2021年度业绩预告修正公告,ok,1909,
300422,2022-04-22,2021,2021年度业绩预告修正公告,ok,1424,
000732,2022-04-23,2021,2021年度业绩预告修正公告,ok,1550,
000813,2022-04-23,2021,2021年度业绩预告修正公告,ok,1187,
002798,2022-04-23,2021,2021年度业绩预告修正公告,ok,1655,
003012,2022-04-23,2021,2021年度业绩预告修正公告,ok,1965,
300757,2022-04-23,2021,2021年度业绩预告修正公告,ok,1563,
002957,2022-04-25,2021,2021年度业绩预告修正公告,ok,1797,
300262,2022-04-25,2021,2021年度业绩预告修正公告,ok,1572,
300353,2022-04-25,2021,2021年度业绩预告修正公告,ok,1061,
300422,2022-04-25,2021,联合资信评估股份有限公司关于广西博世科环保科技股份有限公司2021年度业绩预告修正的关注公告,ok,974,
000613,2022-04-26,2021,2021年度业绩预告修正公告,ok,2726,
000908,2022-04-26,2021,2021年度业绩预告修正公告,ok,1410,
002260,2022-04-26,2021,2021年度业绩预告修正公告,ok,1873,
002781,2022-04-26,2021,2021年度业绩预告修正公告,ok,2561,
300205,2022-04-26,2021,2021年度业绩预告修正公告,ok,1286,
300336,2022-04-26,2021,2021年度业绩预告修正公告,ok,1675,
000615,2022-04-27,2021,2021年度业绩预告修正公告,ok,1971,
300745,2022-04-27,2021,2021年度业绩预告修正公告,ok,1542,
000004,2022-04-28,2021,2021年度业绩预告修正公告,ok,1460,
000892,2022-04-28,2021,2021年度业绩预告修正公告,ok,1286,
002366,2022-04-28,2021,2021年度业绩预告修正公告,ok,1703,
002586,2022-04-28,2021,2021年度业绩预告修正公告,ok,2610,
002862,2022-04-28,2021,2021年度业绩预告修正公告,ok,1437,
000502,2022-04-29,2021,2021年度业绩预告修正公告,ok,1658,
000540,2022-04-29,2021,2021年度业绩预告修正公告,ok,1841,
002094,2022-04-30,2021,2021年度业绩预告修正公告,ok,1244,
002411,2022-04-30,2021,2021年度业绩快报暨业绩预告修正公告,ok,3017,
002499,2022-04-30,2021,2021年度业绩预告修正公告,ok,2072,
300736,2022-04-30,2021,2021 年度业绩预告修正公告,ok,1018,
002241,2022-12-03,2022,2022年度业绩预告修正公告,ok,1766,
001298,2023-01-20,2022,2022年度业绩预告修正公告,ok,1933,
301105,2023-01-20,2022,【鸿铭股份】2022年度业绩预告修正公告,ok,1222,
002338,2023-01-31,2022,2022年度业绩预告修正公告,ok,1534,
002529,2023-01-31,2022,2022年度业绩预告修正公告,ok,1117,
300412,2023-01-31,2022,2022年度业绩预告修正公告,ok,1488,
300480,2023-01-31,2022,光力科技股份有限公司2022年度业绩预告修正公告,ok,1379,
300552,2023-01-31,2022,2022年度业绩预告修正公告,ok,1060,
300991,2023-01-31,2022,2022年度业绩预告修正公告,ok,1110,
301066,2023-01-31,2022,2022年度业绩预告修正公告,ok,1057,
002021,2023-02-11,2022,2022年度业绩预告修正公告,ok,1840,
002021,2023-02-14,2022,2022年度业绩预告修正公告,ok,2490,
300410,2023-02-15,2022,2022年度业绩预告修正公告,ok,1234,
300742,2023-02-23,2022,2022年度业绩预告修正公告,ok,1994,
300497,2023-02-28,2022,2022年度业绩预告修正公告,ok,1398,
300599,2023-03-01,2022,2022年度业绩预告修正公告,ok,1408,
000616,2023-03-02,2022,2022年度业绩预告修正公告,ok,2974,
002076,2023-03-02,2022,2022年度业绩预告修正公告,ok,2230,
000592,2023-03-17,2022,2022年度业绩预告修正公告,ok,1931,
300281,2023-03-17,2022,2022年度业绩快报暨业绩预告修正公告,ok,2509,
002253,2023-03-18,2022,四川川大智胜软件股份有限公司2022年度业绩预告修正公告,ok,1308,
300327,2023-03-20,2022,2022年度业绩预告修正公告,ok,1341,
002612,2023-03-21,2022,朗姿股份2022年度业绩预告修正公告,ok,1284,
002308,2023-03-24,2022,2022年度业绩预告修正公告,ok,1361,
300536,2023-03-24,2022,2022年度业绩预告修正公告,ok,1159,
002521,2023-03-28,2022,2022年度业绩预告修正公告,ok,1284,
002278,2023-03-29,2022,2022年度业绩预告修正公告,ok,1306,
002848,2023-03-29,2022,2022年度业绩预告修正公告,ok,1656,
000066,2023-03-31,2022,2022年度业绩预告修正公告,ok,1663,
000637,2023-03-31,2022,2022年度业绩预告修正公告,ok,1274,
000876,2023-03-31,2022,2022年度业绩预告修正公告,ok,1898,
002265,2023-03-31,2022,2022年度业绩预告的修正公告,ok,2506,
002113,2023-04-01,2022,2022年度业绩预告修正公告,ok,1720,
002426,2023-04-06,2022,2022年度业绩预告修正公告,ok,1591,
002776,2023-04-06,2022,2022年度业绩预告修正公告,ok,1711,
002816,2023-04-06,2022,2022年度业绩预告修正公告,ok,1879,
002087,2023-04-07,2022,2022年度业绩预告修正公告,ok,1050,
002725,2023-04-11,2022,2022年度业绩预告修正公告,ok,1285,
300942,2023-04-11,2022,2022年度业绩预告修正公告,ok,1316,
300322,2023-04-12,2022,2022年度业绩预告修正公告,ok,1221,
300417,2023-04-12,2022,2022年度业绩预告修正及致歉公告,ok,1536,
300600,2023-04-12,2022,2022年度业绩预告修正公告,ok,1406,
300879,2023-04-12,2022,2022年度业绩预告修正公告,ok,1294,
000931,2023-04-13,2022,2022年度业绩预告修正公告,ok,1753,
603617,2023-04-13,2022,君禾股份2022年度业绩预告修正公告,ok,1882,
300779,2023-04-14,2022,2022年度业绩快报暨业绩预告修正公告,ok,2247,
000547,2023-04-15,2022,2022年度业绩预告修正公告,ok,1338,
000615,2023-04-15,2022,2022年度业绩预告修正公告,ok,2637,
002024,2023-04-15,2022,2022年度业绩预告修正公告,ok,2182,
002251,2023-04-15,2022,2022年度业绩预告修正公告,ok,1545,
002609,2023-04-15,2022,2022年度业绩预告修正公告,ok,1328,
002636,2023-04-15,2022,2022年度业绩预告修正公告,ok,1280,
002640,2023-04-15,2022,2022年度业绩预告修正公告,ok,1446,
002789,2023-04-15,2022,2022年度业绩预告修正公告,ok,1616,
002898,2023-04-15,2022,2022年度业绩预告修正公告,ok,1495,
300877,2023-04-15,2022,2022年度业绩预告修正公告,ok,1299,
000546,2023-04-17,2022,2022年度业绩预告修正公告,ok,1910,
002309,2023-04-17,2022,2022年度业绩预告修正公告,ok,1360,
300082,2023-04-17,2022,关于2022年度业绩预告修正公告,ok,1842,
300758,2023-04-17,2022,2022年度业绩预告修正公告,ok,1116,
300878,2023-04-17,2022,2022年度业绩预告修正公告,ok,1366,
301128,2023-04-17,2022,2022年度业绩预告修正公告,ok,1209,
301321,2023-04-17,2022,2022年度业绩预告修正公告,ok,1315,
000691,2023-04-18,2022,2022年度业绩预告修正公告,ok,1492,
002620,2023-04-18,2022,2022 年度业绩预告修正公告,ok,1379,
002888,2023-04-18,2022,2022年度业绩预告修正公告,ok,1232,
300094,2023-04-18,2022,2022年度业绩预告修正公告,ok,1186,
000620,2023-04-19,2022,2022年度业绩预告修正公告,ok,1943,
300500,2023-04-19,2022,2022年度业绩预告修正公告,ok,1313,
000150,2023-04-20,2022,2022年度业绩预告修正公告,ok,1599,
000909,2023-04-20,2022,2022年度业绩预告修正公告,ok,1492,
000918,2023-04-20,2022,2022年度业绩预告修正公告,ok,1433,
002547,2023-04-20,2022,苏州春兴精工股份有限公司2022年度业绩预告修正公告,ok,1819,
300269,2023-04-20,2022,2022年度业绩预告修正公告,ok,1210,
000698,2023-04-21,2022,沈阳化工股份有限公司2022年度业绩预告修正公告,ok,1492,
002528,2023-04-21,2022,2022年度业绩预告修正公告,ok,1667,
002855,2023-04-21,2022,2022年度业绩预告修正公告,ok,1750,
300323,2023-04-21,2022,2022年度业绩预告修正公告,ok,1181,
300345,2023-04-21,2022,2022年度业绩预告修正公告,ok,1674,
300420,2023-04-21,2022,2022年度业绩预告修正公告,ok,1145,
300427,2023-04-21,2022,2022年度业绩快报及业绩预告修正公告,ok,2407,
300527,2023-04-21,2022,2022年度业绩预告修正公告,ok,1333,
000010,2023-04-22,2022,2022年度业绩预告修正公告,ok,1769,
002581,2023-04-22,2022,2022年度业绩预告修正公告,ok,1263,
002753,2023-04-22,2022,2022年度业绩预告修正公告,ok,1282,
002124,2023-04-24,2022,2022年度业绩预告修正公告,ok,1832,
000616,2023-04-25,2022,2022年度业绩预告修正公告,ok,2241,
003003,2023-04-25,2022,2022年度业绩预告修正公告,ok,1374,
300044,2023-04-25,2022,2022年度业绩预告修正公告,ok,1552,
300256,2023-04-25,2022,2022年度业绩预告修正公告,ok,1695,
002781,2023-04-26,2022,2022年度业绩预告修正公告,ok,2478,
002800,2023-04-26,2022,2022年度业绩预告修正公告,ok,1579,
300745,2023-04-26,2022,2022年度业绩预告修正公告,ok,1812,
000571,2023-04-27,2022,2022年度业绩预告修正公告,ok,1395,
000908,2023-04-27,2022,2022年度业绩预告修正公告,ok,1370,
002177,2023-04-27,2022,2022年度业绩预告修正公告,ok,2871,
300302,2023-04-27,2022,2022年度业绩预告修正公告,ok,1296,
300503,2023-04-28,2022,2022年度业绩预告修正公告,ok,1379,
000068,2023-04-29,2022,2022年度业绩预告修正公告,ok,1637,
000606,2023-04-29,2022,2022年度业绩预告修正公告,ok,2398,
000995,2023-04-29,2022,2022年度业绩预告修正公告,ok,2148,
002190,2024-02-24,2023,2023年度业绩预告修正公告,ok,1500,
002493,2024-02-24,2023,2023年度业绩预告修正公告,ok,1535,
301051,2024-03-08,2023,2023年度业绩预告修正公告,ok,1310,
002431,2024-03-15,2023,2023年度业绩预告修正公告,ok,1714,
300479,2024-03-18,2023,2023年度业绩预告修正公告,ok,1775,
002945,2024-03-19,2023,2023年度业绩预告修正公告,ok,2705,
300354,2024-03-20,2023,2023年度业绩预告修正公告,ok,1529,
300010,2024-03-22,2023,关于2023年度业绩预告修正公告,ok,5871,
300096,2024-03-25,2023,2023年度业绩预告修正公告,ok,2674,
301079,2024-03-26,2023,2023年度业绩预告修正公告,ok,1495,
300571,2024-03-27,2023,2023年度业绩预告修正公告,ok,1320,
300656,2024-03-29,2023,2023年度业绩预告修正公告,ok,1925,
002161,2024-03-30,2023,2024-008远望谷-2023年度业绩预告修正公告,ok,1357,
301357,2024-04-01,2023,2023年度业绩预告修正公告,ok,1495,
002168,2024-04-03,2023,2023年度业绩预告修正公告,ok,1333,
300689,2024-04-03,2023,2023年度业绩预告修正公告,ok,1520,
300582,2024-04-08,2023,2023年度业绩预告修正公告,ok,1786,
002181,2024-04-09,2023,2023年度业绩预告修正公告,ok,1994,
300166,2024-04-09,2023,2023年度业绩预告修正公告,ok,1668,
300125,2024-04-10,2023,2023年度业绩预告修正公告,ok,1829,
301040,2024-04-10,2023,2023年度业绩预告修正公告,ok,1537,
000809,2024-04-11,2023,2024-010-2023年度业绩预告修正公告,ok,2264,
002663,2024-04-12,2023,2023年度业绩预告修正公告,ok,1748,
300804,2024-04-12,2023,2023年度业绩预告修正公告,ok,1384,
002229,2024-04-13,2023,2023年度业绩预告修正公告,ok,1516,
002437,2024-04-13,2023,2023年度业绩快报暨2023年度业绩预告修正公告,ok,2330,
002309,2024-04-16,2023,2023年度业绩预告修正公告,ok,1696,
300506,2024-04-16,2023,2023年度业绩预告修正公告,ok,1945,
301168,2024-04-16,2023,2023年度业绩预告修正公告,ok,1380,
300155,2024-04-17,2023,2023年度业绩预告修正公告,ok,1168,
300438,2024-04-18,2023,2023年度业绩预告修正公告,ok,1994,
300094,2024-04-19,2023,2023年度业绩预告修正公告,ok,1217,
300409,2024-04-19,2023,2023年度业绩预告修正公告,ok,1905,
300730,2024-04-19,2023,2023年度业绩预告修正公告,ok,2023,
301100,2024-04-19,2023,营口风光新材料股份有限公司2023年度业绩预告修正公告,ok,1336,
000717,2024-04-20,2023,2023年度业绩预告修正公告,ok,1204,
002269,2024-04-20,2023,2023年度业绩预告修正公告,ok,1424,
300490,2024-04-22,2023,2023年度业绩预告修正公告,ok,1579,
300513,2024-04-22,2023,2023年度业绩预告修正公告,ok,1369,
300594,2024-04-22,2023,山东朗进科技股份有限公司2023年度业绩预告修正公告,ok,1512,
300614,2024-04-22,2023,2023年度业绩预告修正公告,ok,1679,
000668,2024-04-23,2023,荣丰控股集团2023年度业绩预告修正公告,ok,1962,
000971,2024-04-23,2023,2023年度业绩预告修正公告,ok,1990,
002330,2024-04-23,2023,2023年度业绩预告修正公告,ok,2217,
002689,2024-04-23,2023,2023年度业绩预告修正公告,ok,1542,
300071,2024-04-23,2023,2023年度业绩预告修正及致歉公告,ok,2373,
300167,2024-04-23,2023,2023年度业绩预告修正公告,ok,1714,
300209,2024-04-23,2023,2023年度业绩预告修正公告,ok,1915,
300635,2024-04-23,2023,2023年度业绩预告修正公告,ok,1435,
002529,2024-04-24,2023,2023年度业绩预告修正公告,ok,1214,
300163,2024-04-24,2023,2023年度业绩预告修正公告,ok,1907,
002514,2024-04-25,2023,2023年度业绩预告修正公告,ok,1029,
300116,2024-04-25,2023,2023年度业绩预告修正公告,ok,2053,
300344,2024-04-25,2023,2023年度业绩预告修正公告,ok,1472,
301169,2024-04-25,2023,2023年度业绩快报暨业绩预告修正公告,ok,1962,
002630,2024-04-26,2023,2023年度业绩预告修正公告,ok,1970,
300572,2024-04-26,2023,2023年度业绩预告修正公告,ok,1396,
000525,2024-04-27,2023,2023年度业绩预告修正公告,ok,2269,
002197,2024-04-27,2023,2023年度业绩预告修正公告,ok,2011,
002520,2024-04-27,2023,2023年度业绩预告修正公告,ok,2025,
002583,2024-04-27,2023,2023年度业绩快报暨业绩预告修正公告,ok,2856,
002621,2024-04-27,2023,2023年度业绩预告修正公告,ok,2192,
002196,2024-04-29,2023,2023年度业绩预告修正公告,ok,2026,
000622,2024-04-30,2023,2023年度业绩预告修正公告,ok,1895,
000851,2024-04-30,2023,关于2023年度业绩预告修正及致歉公告,ok,1071,
002325,2024-04-30,2023,2023年度业绩预告修正公告,ok,1759,
002586,2024-04-30,2023,2023年度业绩预告修正公告,ok,2326,
300419,2024-04-30,2023,2023年度业绩预告修正公告,ok,1717,
300560,2024-04-30,2023,2023年度业绩预告修正公告,ok,1549,
300022,2025-01-24,2024,2024年度业绩预告修正公告,ok,1063,
002173,2025-02-26,2024,2024年度业绩预告修正公告,ok,1841,
832786,2025-02-28,2024,2024年度业绩预告修正公告,ok,920,
300029,2025-03-12,2024,2024年度业绩预告修正公告,ok,1986,
000523,2025-03-14,2024,2024年度业绩预告修正公告,ok,1424,
300227,2025-03-14,2024,2024年度业绩预告修正公告,ok,1558,
002898,2025-03-15,2024,2024年度业绩预告修正公告,ok,2090,
000608,2025-03-22,2024,2024年度业绩预告修正公告,ok,1919,
002490,2025-03-25,2024,2024年度业绩预告修正公告,ok,1563,
300163,2025-03-27,2024,2024年度业绩预告修正公告,ok,1988,
300561,2025-03-28,2024,2024年度业绩预告修正公告,ok,1845,
000839,2025-03-29,2024,2024年度业绩预告修正公告,ok,1709,
002996,2025-04-01,2024,2024年度业绩预告修正公告,ok,1293,
300948,2025-04-02,2024,2024年度业绩预告修正公告,ok,1188,
002634,2025-04-03,2024,2024年度业绩预告修正公告,ok,1788,
300875,2025-04-03,2024,2024年度业绩预告修正公告,ok,1621,
002360,2025-04-04,2024,2024年度业绩预告修正公告,ok,2010,
002775,2025-04-04,2024,2024年度业绩预告修正公告,ok,1465,
002306,2025-04-12,2024,2024年度业绩预告修正公告,ok,3507,
002602,2025-04-12,2024,2024年度业绩预告修正公告,ok,1894,
002663,2025-04-12,2024,2024年度业绩预告修正公告,ok,1797,
300344,2025-04-12,2024,2024年度业绩预告修正公告,ok,1473,
002069,2025-04-15,2024,2024年度业绩预告修正公告,ok,1310,
301123,2025-04-15,2024,2024年度业绩预告修正公告,ok,1393,
002193,2025-04-17,2024,2024年度业绩预告修正公告,ok,1669,
002486,2025-04-17,2024,2024年度业绩预告向上修正公告,ok,1776,
301096,2025-04-17,2024,2024年度业绩预告修正公告,ok,1360,
301213,2025-04-18,2024,2024年度业绩预告修正公告,ok,1551,
000851,2025-04-19,2024,关于2024年度业绩预告修正及致歉公告,ok,1699,
002076,2025-04-22,2024,2024年度业绩预告修正公告,ok,2956,
002205,2025-04-22,2024,新疆国统管道股份有限公司2024年度业绩预告修正公告,ok,2313,
002231,2025-04-22,2024,关于2024年度业绩预告修正的公告,ok,2077,
300026,2025-04-22,2024,2024年度业绩预告暨快报修正公告,ok,1905,
300152,2025-04-22,2024,2024年度业绩预告修正公告,ok,1662,
300255,2025-04-22,2024,2024年度业绩预告修正公告,ok,1571,
300520,2025-04-22,2024,2024年度业绩预告修正公告,ok,1120,
002868,2025-04-24,2024,2024年度业绩预告修正公告,ok,2109,
300423,2025-04-24,2024,2024年度业绩预告修正公告,ok,1438,
300663,2025-04-25,2024,2024年度业绩预告修正公告,ok,1511,
002630,2025-04-26,2024,公司2024年度业绩预告修正公告,ok,1598,
300211,2025-04-28,2024,2024年度业绩预告修正公告,failed,0,ValueError: HTTP 404 magic=b'<html'
300419,2025-04-28,2024,2024年度业绩预告修正公告,ok,1402,
002816,2025-04-29,2024,2024年度业绩预告、业绩快报修正公告,ok,2778,
300093,2025-04-29,2024,2024年度业绩预告修正公告,ok,2384,
003004,2025-04-30,2024,2024年度业绩预告修正公告,ok,1920,
000695,2026-01-20,2025,2025年度业绩预告修正公告,ok,1052,
300482,2026-01-30,2025,广州万孚生物技术股份有限公司2025年度业绩预告修正公告,ok,1458,
301281,2026-02-24,2025,2025年度业绩预告修正公告,ok,1255,
301008,2026-02-28,2025,2025年度业绩预告修正公告,ok,960,
300399,2026-03-13,2025,2025年度业绩预告修正公告,ok,1354,
002856,2026-03-18,2025,2025年度业绩预告修正公告,ok,1646,
300517,2026-03-18,2025,2025年度业绩预告修正公告,ok,1069,
002524,2026-03-21,2025,2025年度业绩预告修正公告,ok,1173,
002932,2026-03-23,2025,2025年度业绩预告修正公告,ok,1623,
300879,2026-03-27,2025,2025年度业绩预告修正公告,ok,1272,
301248,2026-03-31,2025,2025年度业绩预告修正公告,ok,1456,
002329,2026-04-01,2025,2025年度业绩预告修正公告,ok,1272,
002207,2026-04-04,2025,2025年度业绩预告修正公告,ok,2543,
002377,2026-04-08,2025,2025年度业绩预告修正公告,ok,1214,
002496,2026-04-08,2025,2025年度业绩预告修正公告,ok,1951,
002542,2026-04-09,2025,2025年度业绩预告修正公告,ok,1597,
002927,2026-04-11,2025,2025年度业绩预告修正公告,ok,1431,
300902,2026-04-13,2025,国安达股份有限公司2025年度业绩预告修正公告,ok,1154,
300477,2026-04-14,2025,2025年度业绩预告修正公告,ok,1145,
301070,2026-04-14,2025,2025年度业绩预告修正公告,ok,1304,
002307,2026-04-15,2025,2025年度业绩预告修正公告,ok,1194,
300377,2026-04-16,2025,2025年度业绩预告修正公告,ok,1122,
300076,2026-04-17,2025,2025年度业绩预告修正公告,ok,1811,
002554,2026-04-18,2025,2025年度业绩预告修正公告,ok,1167,
300598,2026-04-20,2025,2025年度业绩预告修正公告,ok,1271,
301311,2026-04-20,2025,2025年度业绩预告修正公告,ok,922,
002221,2026-04-21,2025,东华能源股份有限公司2025年度业绩预告修正公告,ok,1284,
300937,2026-04-21,2025,2025年度业绩预告修正公告,ok,1289,
000007,2026-04-22,2025,深圳市全新好股份有限公司2025年度业绩预告修正公告,ok,1291,
002769,2026-04-22,2025,2025年度业绩预告修正公告,ok,1447,
300147,2026-04-22,2025,2025年度业绩预告修正公告,ok,1506,
301180,2026-04-22,2025,2025年度业绩预告修正公告,ok,1279,
300169,2026-04-23,2025,2025年度业绩预告修正公告,ok,1384,
300746,2026-04-23,2025,2025年度业绩预告修正公告,ok,1274,
001211,2026-04-24,2025,2025年度业绩预告修正公告,ok,1376,
002131,2026-04-24,2025,2025年度业绩预告修正公告,ok,1385,
002691,2026-04-24,2025,2025年度业绩预告修正公告,ok,1529,
300463,2026-04-24,2025,2025年度业绩预告修正公告,ok,1307,
000632,2026-04-25,2025,2025年度业绩预告修正公告,ok,1236,
002221,2026-04-25,2025,东华能源股份有限公司2025年度业绩预告第二次修正公告,ok,1316,
300167,2026-04-27,2025,2025年度业绩预告修正公告,ok,1201,
300560,2026-04-27,2025,2025年度业绩预告修正公告,ok,1305,
000669,2026-04-28,2025,2025年度业绩预告修正公告,ok,2724,
002323,2026-04-28,2025,2025年度业绩预告修正公告,ok,1679,
002355,2026-04-28,2025,2025年度业绩预告修正公告,ok,1184,
002514,2026-04-28,2025,2025年度业绩预告修正公告,ok,2446,
002535,2026-04-28,2025,2025年度业绩预告修正公告,ok,1250,
300029,2026-04-28,2025,2025年度业绩预告修正公告,ok,2903,
301636,2026-04-29,2025,2025年度业绩预告修正公告,ok,1199,
