code,date,title,chars,status
000010,2026-04-29,关于公司股票交易将被实施退市风险警示及其他风险警示暨停牌的公告,2831,cached
000056,2026-04-24,关于公司股票交易被实施退市风险警示及其他风险警示暨停牌的公告,2412,cached
000070,2024-05-22,中证鹏元关于关注深圳市特发信息股份有限公司收到《行政处罚及市场禁入事先告知书》及被实施其他风险警示等事项的公告,1337,cached
000078,2026-04-30,关于公司股票被实施其他风险警示暨停复牌的公告,2500,ok
000430,2025-11-04,张家界旅游集团股份有限公司关于法院裁定受理公司重整并指定管理人暨公司股票交易将被叠加实施退市风险警示的公告,3448,ok
000488,2025-04-01,关于公司股票被叠加实施其他风险警示的公告,3426,ok
000504,2025-04-22,南华生物关于2024年年度业绩预告修正暨可能被实施退市风险警示的公告,2209,ok
000506,2024-05-21,关于公司主要银行账户被冻结暨股票交易叠加实施其他风险警示的公告,2564,ok
000608,2025-04-19,关于公司股票交易被实施退市风险警示暨股票停复牌的公告,1546,ok
000595,2025-04-26,关于公司股票交易被实施退市风险警示暨股票停复牌的公告,2981,ok
000609,2024-04-26,中迪投资关于公司股票交易被实施退市风险警示、其他风险警示暨股票停牌的公告,3483,ok
000615,2023-04-29,关于公司股票被实施退市风险警示及其他风险警示暨停牌的公告,2833,ok
000610,2026-04-24,关于公司股票交易可能被实施退市风险警示暨停牌的公告,2537,ok
000656,2024-04-23,关于公司股票被实施退市风险警示暨股票停牌的公告,1487,ok
000620,2023-04-29,关于公司股票交易被实施退市风险警示及其他风险警示暨股票交易停牌的公告,2710,ok
000639,2026-04-29,关于公司股票交易被实施其他风险警示、停牌暨可能被实施退市风险警示的公告,1906,ok
000632,2026-04-29,关于公司股票交易被实施其他风险警示暨停复牌的公告,2193,ok
000637,2023-04-29,关于公司股票交易被实施其他风险警示暨股票停牌的公告,2057,ok
000677,2026-04-30,恒天海龙股份有限公司关于公司股票将被实施其他风险警示暨停牌并变更证券简称的公告,1803,ok
000697,2023-03-22,关于公司股票交易被实施退市风险警示叠加其他风险警示暨停复牌的公告,2725,ok
000736,2025-04-15,关于公司股票被实施退市风险警示暨停牌的公告,2274,ok
000698,2025-10-01,沈阳化工股份有限公司关于公司股票将被实施其他风险警示暨停复牌的公告,2757,ok
000826,2026-04-29,关于公司股票交易被实施退市风险警示及其他风险警示暨停牌的公告,3152,ok
000838,2026-04-24,关于公司股票交易被实施退市风险警示、其他风险警示暨股票停复牌的公告,2607,ok
000793,2025-03-17,关于公司股票被实施其他风险警示暨停复牌的公告,2014,ok
000908,2024-04-30,关于公司股票交易被实施退市风险警示叠加其他风险警示暨股票停复牌的公告,2633,ok
000903,2026-04-28,关于公司股票交易被叠加实施其他风险警示的公告,2687,ok
000929,2025-04-29,关于公司股票交易被实施退市风险警示暨停牌的公告,2266,ok
000909,2026-03-31,关于公司股票交易被叠加实施退市风险警示暨停复牌的公告,2025,ok
001270,2025-04-23,浙江铖昌科技股份有限公司关于公司股票交易被实施退市风险警示暨股票停牌的公告,3654,ok
000972,2025-03-29,关于公司股票交易被实施退市风险警示暨停牌的公告,2363,ok
000911,2026-04-29,广西农投糖业集团股份有限公司关于公司股票交易被实施退市风险警示和其他风险警示暨停牌的公告,3869,ok
002047,2025-04-24,关于2024年年度业绩预告修正暨可能被实施退市风险警示的公告,2563,ok
002082,2026-04-30,关于公司股票交易被实施其他风险警示暨股票停复牌的公告,1767,ok
002058,2025-04-29,关于公司股票被实施退市风险警示暨股票停牌的公告,2103,ok
002055,2026-04-29,关于公司股票被叠加实施其他风险警示的公告,2024,ok
002021,2023-11-25,关于法院裁定受理公司重整、启动债权申报及召开第一次债权人会议暨公司股票交易将被叠加实施退市风险警示的公告,6994,ok
002124,2024-04-30,关于公司股票被实施其他风险警示暨停牌的公告,1845,ok
002102,2026-04-29,关于公司股票被实施其他风险警示暨停复牌的公告,1665,ok
002092,2024-05-24,申万宏源证券有限公司关于新疆中泰化学股份有限公司股票交易将被实施其他风险警示暨股票停牌的临时受托管理事务报告,7011,ok
002141,2024-04-26,关于公司股票交易实施退市风险警示和其他风险警示暨停复牌公告,2193,ok
002157,2023-07-21,关于法院裁定受理公司重整及指定管理人暨公司股票交易将被叠加实施退市风险警示的公告,4189,ok
002214,2025-04-26,浙江大立科技股份有限公司关于公司股票交易被实施退市风险警示暨停牌的公告,2298,ok
002197,2024-09-05,关于公司股票交易被叠加实施其他风险警示的公告,2052,ok
002198,2026-04-30,关于公司股票将被实施其他风险警示暨停复牌的公告,1317,ok
002227,2026-04-21,关于股票交易被实施退市风险警示暨股票停牌的公告,2195,ok
002251,2023-10-30,关于公司股票被实施退市风险警示暨股票停牌的公告,1390,ok
002217,2024-04-30,2024-040  关于公司股票交易被实施退市风险警示及其他风险警示暨股票交易停牌的公告,3336,ok
002289,2023-04-27,关于公司股票交易被实施其他风险警示暨停复牌的公告,1819,ok
002253,2025-04-28,关于公司股票交易被实施退市风险警示暨停牌的公告,2274,ok
002305,2025-04-29,关于公司股票交易被实施退市风险警示及其他风险警示暨停牌的公告,2453,ok
002309,2024-05-14,关于公司股票交易被叠加实施其他风险警示的公告,1502,ok
002528,2025-04-30,关于公司股票被叠加实施其他风险警示的公告,2504,ok
002310,2024-11-23,关于公司股票交易被叠加实施退市风险警示的公告,2220,ok
002431,2026-04-25,关于公司股票被实施其他风险警示暨停复牌公告,2569,ok
002542,2026-04-18,关于公司股票交易被实施退市风险警示暨停牌的公告,1960,ok
002547,2026-04-29,关于公司股票被实施退市风险警示叠加其他风险警示暨股票停牌的公告,1777,ok
002581,2026-04-29,关于公司股票被实施退市风险警示暨停牌的公告,1355,ok
002634,2026-04-25,关于公司股票将被实施退市风险警示和其他风险警示暨停牌的公告,3645,ok
002630,2025-04-29,关于公司股票被实施其他风险警示暨股票停牌的公告,2585,ok
002598,2026-05-09,中诚信国际关于关注山东省章丘鼓风机股份有限公司被出具否定意见的内部控制审计报告、股票交易被叠加实施其他风险警示和可能被实,1607,ok
002647,2024-12-31,关于法院裁定受理公司重整并指定管理人暨公司股票交易将被实施退市风险警示的公告,6321,ok
002667,2026-04-30,关于公司股票交易被实施退市风险警示及其他风险警示暨停复牌的公告,2115,ok
002656,2023-06-30,关于公司股票交易被叠加实施其他风险警示的公告,1690,ok
002691,2026-04-29,关于公司股票交易被实施退市风险警示暨股票停复牌安排的公告,2081,ok
002693,2025-04-29,海南双成药业股份有限公司关于公司股票被实施退市风险警示暨停牌的公告,2710,ok
002694,2026-04-29,关于公司股票交易被实施退市风险警示暨股票停复牌安排的公告,2307,ok
002726,2026-04-29,关于公司股票交易被实施其他风险警示暨股票停牌的公告,2055,ok
002731,2026-02-07,关于公司主要银行账户被冻结暨股票交易被实施其他风险警示及股票停牌的公告,1737,ok
002717,2026-06-03,关于公司股票被叠加实施其他风险警示的公告,1995,ok
002713,2025-04-29,2025-039 关于公司股票交易被实施退市风险警示及其他风险警示暨股票交易停牌的公告,2882,ok
002721,2023-07-21,关于公司股票被叠加实施退市风险警示的公告,2387,ok
002762,2025-04-23,关于公司股票交易被实施退市风险警示暨股票停牌的公告,2487,ok
002748,2024-05-16,关于公司股票被实施其他风险警示暨股票停牌的公告,2204,ok
002743,2026-09-05,关于公司主要银行账号被冻结暨股票交易被实施其他风险警示及股票停复牌的公告,1816,ok
002742,2023-04-29,关于公司股票被叠加实施其他风险警示的公告,2805,ok
002789,2025-04-25,关于公司股票被实施退市风险警示叠加其他风险警示暨股票停牌的公告,3507,ok
002822,2024-02-24,关于公司主要银行账户被冻结暨股票交易被实施其他风险警示及股票停牌的公告,1785,ok
002848,2025-04-25,关于公司股票交易被实施退市风险警示及实施其他风险警示暨停牌的公告,2902,ok
002856,2026-04-29,2026-027：关于公司股票交易被实施退市风险警示及其他风险警示暨停牌的公告,3715,ok
002868,2025-04-29,关于公司股票被实施退市风险警示及其他风险警示暨停牌的公告,3015,ok
002883,2026-04-30,关于公司股票交易被实施退市风险警示及股票停牌的公告,2705,ok
002932,2026-04-21,关于公司股票交易被实施退市风险警示暨股票停复牌安排的公告,2509,ok
002977,2026-04-23,关于公司股票交易被实施退市风险警示暨股票停牌的公告,2235,ok
003004,2025-04-30,关于公司股票交易被实施退市风险警示暨股票停牌的公告,2813,ok
003032,2025-04-22,关于股票交易被实施退市风险警示暨股票停牌的公告,3018,ok
300013,2024-04-29,关于公司股票交易被实施退市风险警示及其他风险警示暨停牌的公告,2314,ok
300010,2023-04-26,关于公司股票被实施退市风险警示、其他风险警示暨临时停牌的公告,2395,ok
300020,2024-09-27,关于公司股票被叠加实施其他风险警示的公告,1663,ok
300068,2026-05-06,关于公司及子公司银行账户被冻结暨股票交易叠加实施其他风险警示的公告,1687,ok
300091,2025-12-31,关于公司股票被实施退市风险警示暨停牌的公告,1685,ok
300093,2025-04-29,关于公司股票被实施退市风险警示、其他风险警示暨股票停复牌的公告,2649,ok
300125,2024-08-19,关于公司股票叠加实施其他风险警示事项的公告,1957,ok
300152,2025-04-29,关于公司股票交易被实施其他风险警示、可能被实施退市风险警示暨股票停复牌的公告,2104,ok
300209,2024-09-30,关于公司股票交易被叠加实施退市风险警示的公告,1551,ok
300205,2025-04-29,关于股票交易被实施退市风险警示并叠加实施其他风险警示及股票停牌的公告,3506,ok
300167,2023-04-27,关于公司股票交易将被实施其他风险警示暨股票停牌的公告,1526,ok
300159,2025-03-19,关于公司股票交易将被实施退市风险警示暨股票停牌一天的公告,2286,ok
300211,2025-04-30,关于公司股票交易将被实施退市风险警示暨股票停牌的公告,2838,ok
300225,2025-07-02,关于公司股票交易被实施退市风险警示叠加其他风险警示暨停复牌的公告,1769,ok
300245,2026-04-28,关于公司股票被实施其他风险警示暨股票停牌的公告,1610,ok
300295,2026-04-23,关于公司股票交易被实施退市风险警示暨停牌的公告,2134,ok
300237,2025-09-27,关于公司股票被实施其他风险警示暨停复牌的公告,2059,ok
300268,2023-04-07,关于公司股票交易将被实施退市风险警示及其他风险警示暨股票停牌的公告,2575,ok
300430,2026-04-30,关于公司股票交易被实施退市风险警示叠加其他风险警示暨停牌的公告,1412,ok
300301,2025-01-10,关于公司股票被叠加实施其他风险警示的公告,2159,ok
300460,2025-12-10,关于公司股票被实施其他风险警示暨停复牌的公告,1939,ok
300343,2025-03-22,关于公司股票被实施其他风险警示暨停复牌的公告,2151,ok
300326,2025-04-30,上海凯利泰医疗科技股份有限公司关于公司股票被实施其他风险警示暨停复牌的公告(3),1630,ok
300462,2025-07-05,关于公司股票被实施其他风险警示暨停复牌的公告,2122,ok
300477,2026-04-27,关于公司股票交易被叠加实施其他风险警示的公告,1646,ok
300506,2024-04-26,关于公司股票交易将被实施退市风险警示及其他风险警示暨股票停牌一天的公告,2364,ok
300527,2025-08-12,东方金诚国际信用评估有限公司关于中国船舶重工集团应急预警与救援装备股份有限公司股票交易被实施其他风险警示的关注公告,2230,ok
300716,2025-05-23,关于公司股票被叠加实施其他风险警示的公告,2577,ok
300899,2025-04-29,关于公司股票交易被实施退市风险警示暨停复牌的公告,2177,ok
300965,2024-04-25,关于公司股票交易将被实施退市风险警示暨股票停牌一天的公告,2449,ok
301030,2026-04-30,关于公司股票交易被实施退市风险警示暨停牌一天的公告,2267,ok
301139,2026-05-09,关于公司股票交易将被实施退市风险警示暨停复牌的公告,1594,ok
301288,2025-04-29,关于公司股票交易将被实施退市风险警示暨股票停牌一天的公告,3756,ok
600079,2025-12-13,人福医药关于实施其他风险警示暨停牌的公告,2235,ok
600080,2026-04-29,金花企业（集团）股份有限公司关于实施其他风险警示暨停牌的公告,2190,ok
600082,2026-04-11,天津海泰科技发展股份有限公司关于实施其他风险警示暨停牌的公告,1799,ok
600053,2026-04-29,九鼎投资关于公司股票被实施退市风险警示暨停牌的公告,1925,ok
600107,2025-04-30,关于实施其他风险警示暨停牌的公告,1837,ok
600130,2025-04-29,波导股份关于实施退市风险警示暨停牌的公告,2085,ok
600117,2023-04-29,西宁特殊钢股份有限公司关于公司股票被实施退市风险警示叠加其他风险警示暨临时停牌的公告,1855,ok
600165,2024-04-03,宁科生物关于实施其他风险警示暨停牌的公告,1583,ok
600136,2023-06-06,武汉当代明诚文化体育集团股份有限公司关于法院裁定受理公司重整暨公司股票将被叠加实施退市风险警示的公告,6572,ok
600169,2025-11-01,太原重工关于实施其他风险警示暨停牌的公告,2026,ok
600180,2026-04-29,瑞茂通关于公司股票被实施退市风险警示并叠加其他风险警示暨停牌的公告,2263,ok
600187,2026-04-30,关于实施退市风险警示及叠加其他风险警示暨停牌的公告,2127,ok
600287,2024-07-06,江苏舜天关于股票被实施其他风险警示暨股票停牌的公告,1379,ok
600302,2026-04-30,标准股份关于实施其他风险警示暨停牌的公告,1743,ok
600337,2026-04-30,美克国际家居用品股份有限公司关于实施其他风险警示的公告,1760,ok
600340,2026-04-30,华夏幸福关于公司股票被实施退市风险警示及叠加其他风险警示暨停牌的公告,2887,ok
600360,2024-04-30,吉林华微电子股份有限公司关于股票被实施其他风险警示暨股票停牌的公告,1940,ok
600476,2026-04-28,湖南湘邮科技股份有限公司关于实施退市风险警示暨停牌的公告,1958,ok
600439,2026-07-31,关于实施其他风险警示暨停牌的公告,1855,ok
600370,2026-04-29,江苏三房巷聚材股份有限公司关于实施退市风险警示及叠加其他风险警示暨停牌的公告,2405,ok
600491,2026-04-30,龙元建设关于实施其他风险警示暨股票停牌的公告,1950,ok
600589,2023-04-26,关于公司股票被实施退市风险警示暨停牌的公告,2355,ok
600537,2026-04-28,亿晶光电科技股份有限公司关于股票被实施退市风险警示暨停牌的公告,2252,ok
600543,2023-04-28,莫高股份关于公司股票被实施退市风险警示暨停牌的公告,2159,ok
600624,2025-09-20,上海复旦复华科技股份有限公司关于实施其他风险警示暨停牌的公告,2848,ok
600678,2026-04-29,四川金顶（集团）股份有限公司关于实施其他风险警示暨停牌公告,2218,ok
600711,2024-07-31,盛屯矿业集团股份有限公司关于实施其他风险警示暨停牌的公告,2660,ok
600735,2025-09-27,新华锦关于实施其他风险警示暨股票停牌的公告,2122,ok
600730,2026-04-25,中国高科关于公司股票被实施退市风险警示暨停牌的公告,1701,ok
600753,2025-04-26,庚星股份关于实施退市风险警示及其他风险警示暨停牌的公告,3025,ok
600745,2026-04-30,关于公司股票被实施退市风险警示并叠加其他风险警示暨停牌的公告,2498,ok
600777,2024-04-27,新潮能源关于股票被实施其他风险警示暨股票停牌的公告,1662,ok
600818,2026-04-28,关于股票被实施其他风险警示暨停牌的公告,1770,ok
600759,2026-04-28,洲际油气股份有限公司关于实施其他风险警示暨停牌的公告,1893,ok
600831,2024-07-06,关于实施其他风险警示暨停牌的公告,2632,ok
600889,2026-04-23,关于公司股票被实施退市风险警示暨停牌的公告（2026-032）,2719,ok
600965,2026-04-30,福成股份：关于股票被实施退市风险警示及叠加其他风险警示暨停牌的公告,1990,ok
601010,2026-04-29,文峰股份关于实施其他风险警示暨停牌的公告,1921,ok
601718,2026-04-30,际华集团关于实施其他风险警示暨停牌的公告,1869,ok
603008,2026-04-25,喜临门健康睡眠科技股份公司关于实施其他风险警示暨停牌的公告,2609,ok
603007,2024-04-30,关于公司股票叠加实施其他风险警示的公告,2219,ok
603001,2023-04-26,奥康国际关于公司股票实施其他风险警示暨临时停牌的公告,924,ok
603021,2025-04-22,山东华鹏关于实施其他风险警示暨停牌的公告,2142,ok
300561,2025-04-23,关于公司股票被实施退市风险警示、其他风险警示暨股票停复牌的公告,0,failed:ValueError
603023,2024-04-30,哈尔滨威帝电子股份有限公司关于公司股票被实施退市风险警示暨停牌的公告,2099,ok
603030,2023-04-29,关于公司股票实施退市风险警示叠加其他风险警示暨停牌的公告.docx,2608,ok
603189,2026-04-30,关于实施退市风险警示暨停牌的公告,2003,ok
603261,2025-04-26,成都立航科技股份有限公司关于公司股票被实施退市风险警示暨停牌的公告,1701,ok
603272,2026-04-28,关于公司股票实施退市风险警示暨停牌的公告,1797,ok
603268,2025-04-28,松发股份：关于实施退市风险警示暨停牌的公告,2337,ok
603117,2023-05-19,江苏万林现代物流股份有限公司关于股票交易被实施其他风险警示相关事项的公告,1842,ok
603359,2026-04-29,东珠生态环保股份有限公司关于公司股票被实施退市风险警示及叠加其他风险警示暨停牌的公告,3418,ok
603377,2024-04-30,关于实施其他风险警示暨停牌的公告,2735,ok
603398,2025-04-30,江西沐邦高科股份有限公司关于实施退市风险警示及叠加其他风险警示暨停牌的公告,1696,ok
603378,2026-04-30,亚士创能关于实施退市风险警示暨停牌的公告,2002,ok
603363,2024-04-30,2024110福建傲农生物科技集团股份有限公司关于公司股票被实施退市风险警示及其他风险警示暨停牌的公告.docx,2716,ok
603429,2026-03-21,集友股份关于公司股票被实施退市风险警示暨停牌的公告,2457,ok
603580,2025-04-29,艾艾精工关于公司股票被实施退市风险警示暨停牌的公告,1568,ok
603557,2024-04-27,ST起步：关于股票被叠加实施其他风险警示的公告,2659,ok
603517,2025-09-20,关于实施其他风险警示暨停牌的公告,1994,ok
603559,2023-10-12,中通国脉通信股份有限公司关于公司股票被叠加实施其他风险警示的公告,1906,ok
603595,2025-10-30,东尼电子关于实施其他风险警示暨停牌的公告,2025,ok
603718,2026-04-30,海利生物关于实施退市风险警示暨停牌的公告,2344,ok
603813,2025-04-29,原尚股份关于公司股票被实施退市风险警示暨停牌的公告,2124,ok
603822,2025-12-10,关于实施其他风险警示暨停牌的公告,2010,ok
603789,2025-04-30,星光农机关于实施退市风险警示暨停牌的公告,1802,ok
603721,2025-04-30,中广天择关于公司股票被实施退市风险警示暨停牌的公告,2055,ok
603838,2025-04-29,四通股份关于实施退市风险警示暨停牌的公告,2094,ok
603869,2024-04-30,新智认知数字科技股份有限公司关于实施其他风险警示公告,2045,ok
603843,2025-04-30,正平股份关于公司股票被实施退市风险警示及其他风险警示暨停牌的公告,2395,ok
603828,2024-04-30,柯利达关于实施其他风险警示公告暨停牌的公告,1499,ok
603879,2024-04-30,永悦科技关于股票被实施其他风险警示暨股票停牌的公告,2011,ok
605199,2025-04-29,海南葫芦娃药业集团股份有限公司关于实施其他风险警示暨停牌的公告,1467,ok
603922,2026-04-29,金鸿顺关于实施其他风险警示的公告,2045,ok
603959,2024-04-30,百利科技关于实施其他风险警示暨停牌的公告,1727,ok
605336,2026-04-22,浙江帅丰电器股份有限公司关于实施退市风险警示暨停牌的公告,2157,ok
688022,2026-04-30,关于被实施其他风险警示暨停牌的公告,4112,ok
688033,2026-04-30,关于公司股票被实施退市风险警示及叠加其他风险警示暨停牌的公告,2676,ok
688053,2025-09-20,成都思科瑞微电子股份有限公司关于实施其他风险警示暨停牌的公告,2404,ok
688066,2026-04-30,关于实施退市风险警示及叠加其他风险警示暨停牌的公告,3996,ok
688076,2025-07-19,诺泰生物：关于实施其他风险警示暨停牌的公告,2068,ok
688089,2026-07-25,嘉必优生物技术(武汉)股份有限公司关于被实施其他风险警示暨停牌的公告,1971,ok
688189,2026-06-10,关于实施其他风险警示暨停牌的公告,2600,ok
688184,2025-07-26,浙江帕瓦新能源股份有限公司关于公司股票被叠加实施其他风险警示的公告,1940,ok
688201,2026-04-28,关于实施其他风险警示暨股票停牌的公告,2569,ok
688500,2023-04-29,关于实施退市风险警示公告,1582,ok
688496,2026-04-29,清越科技关于实施其他风险警示暨股票停牌的公告,3054,ok
688622,2026-04-29,关于实施退市风险警示暨停牌的公告,3287,ok
688646,2025-04-30,逸飞激光关于股票被实施其他风险警示暨股票停牌的公告,2741,ok
688282,2024-04-30,北京理工导航控制科技股份有限公司关于股票实施退市风险警示暨停牌的公告,2880,ok
688511,2025-04-30,关于实施退市风险警示暨停牌的公告,3419,ok
603825,2025-08-23,华扬联众数字技术股份有限公司关于实施其他风险警示暨停牌的公告,0,failed:ValueError
