code,date,grp
000010,2026-04-29,① 没亏但戴帽
000506,2024-05-21,① 没亏但戴帽
000677,2026-04-30,① 没亏但戴帽
002102,2026-04-29,① 没亏但戴帽
002198,2026-04-30,① 没亏但戴帽
002598,2026-05-09,① 没亏但戴帽
002731,2026-02-07,① 没亏但戴帽
002748,2024-05-16,① 没亏但戴帽
002762,2025-04-23,① 没亏但戴帽
002822,2024-02-24,① 没亏但戴帽
002932,2026-04-21,① 没亏但戴帽
002977,2026-04-23,① 没亏但戴帽
300205,2025-04-29,① 没亏但戴帽
300225,2025-07-02,① 没亏但戴帽
300343,2025-03-22,① 没亏但戴帽
300527,2025-08-12,① 没亏但戴帽
300561,2025-04-23,① 没亏但戴帽
300965,2024-04-25,① 没亏但戴帽
301139,2026-05-09,① 没亏但戴帽
600079,2025-12-13,① 没亏但戴帽
600080,2026-04-29,① 没亏但戴帽
600082,2026-04-11,① 没亏但戴帽
600130,2025-04-29,① 没亏但戴帽
600169,2025-11-01,① 没亏但戴帽
600180,2026-04-29,① 没亏但戴帽
600187,2026-04-30,① 没亏但戴帽
600287,2024-07-06,① 没亏但戴帽
600360,2024-04-30,① 没亏但戴帽
600678,2026-04-29,① 没亏但戴帽
600711,2024-07-31,① 没亏但戴帽
600759,2026-04-28,① 没亏但戴帽
600777,2024-04-27,① 没亏但戴帽
600965,2026-04-30,① 没亏但戴帽
601010,2026-04-29,① 没亏但戴帽
603008,2026-04-25,① 没亏但戴帽
603189,2026-04-30,① 没亏但戴帽
603268,2025-04-28,① 没亏但戴帽
603272,2026-04-28,① 没亏但戴帽
603517,2025-09-20,① 没亏但戴帽
603580,2025-04-29,① 没亏但戴帽
603595,2025-10-30,① 没亏但戴帽
688022,2026-04-30,① 没亏但戴帽
688076,2025-07-19,① 没亏但戴帽
688089,2026-07-25,① 没亏但戴帽
688646,2025-04-30,① 没亏但戴帽
000056,2026-04-24,③ 亏了也戴帽
000070,2024-05-22,③ 亏了也戴帽
000078,2026-04-30,③ 亏了也戴帽
000430,2025-11-04,③ 亏了也戴帽
000488,2025-04-01,③ 亏了也戴帽
000504,2025-04-22,③ 亏了也戴帽
000595,2025-04-26,③ 亏了也戴帽
000608,2025-04-19,③ 亏了也戴帽
000609,2024-04-26,③ 亏了也戴帽
000610,2026-04-24,③ 亏了也戴帽
000615,2023-04-29,③ 亏了也戴帽
000620,2023-04-29,③ 亏了也戴帽
000632,2026-04-29,③ 亏了也戴帽
000637,2023-04-29,③ 亏了也戴帽
000639,2026-04-29,③ 亏了也戴帽
000656,2024-04-23,③ 亏了也戴帽
000697,2023-03-22,③ 亏了也戴帽
000698,2025-10-01,③ 亏了也戴帽
000736,2025-04-15,③ 亏了也戴帽
000793,2025-03-17,③ 亏了也戴帽
000826,2026-04-29,③ 亏了也戴帽
000838,2026-04-24,③ 亏了也戴帽
000903,2026-04-28,③ 亏了也戴帽
000908,2024-04-30,③ 亏了也戴帽
000909,2026-03-31,③ 亏了也戴帽
000911,2026-04-29,③ 亏了也戴帽
000929,2025-04-29,③ 亏了也戴帽
000972,2025-03-29,③ 亏了也戴帽
001270,2025-04-23,③ 亏了也戴帽
002021,2023-11-25,③ 亏了也戴帽
002047,2025-04-24,③ 亏了也戴帽
002055,2026-04-29,③ 亏了也戴帽
002058,2025-04-29,③ 亏了也戴帽
002082,2026-04-30,③ 亏了也戴帽
002092,2024-05-24,③ 亏了也戴帽
002124,2024-04-30,③ 亏了也戴帽
002141,2024-04-26,③ 亏了也戴帽
002157,2023-07-21,③ 亏了也戴帽
002197,2024-09-05,③ 亏了也戴帽
002214,2025-04-26,③ 亏了也戴帽
002217,2024-04-30,③ 亏了也戴帽
002227,2026-04-21,③ 亏了也戴帽
002251,2023-10-30,③ 亏了也戴帽
002253,2025-04-28,③ 亏了也戴帽
002289,2023-04-27,③ 亏了也戴帽
002305,2025-04-29,③ 亏了也戴帽
002309,2024-05-14,③ 亏了也戴帽
002310,2024-11-23,③ 亏了也戴帽
002431,2026-04-25,③ 亏了也戴帽
002528,2025-04-30,③ 亏了也戴帽
002542,2026-04-18,③ 亏了也戴帽
002547,2026-04-29,③ 亏了也戴帽
002581,2026-04-29,③ 亏了也戴帽
002630,2025-04-29,③ 亏了也戴帽
002634,2026-04-25,③ 亏了也戴帽
002647,2024-12-31,③ 亏了也戴帽
002656,2023-06-30,③ 亏了也戴帽
002667,2026-04-30,③ 亏了也戴帽
002691,2026-04-29,③ 亏了也戴帽
002693,2025-04-29,③ 亏了也戴帽
002694,2026-04-29,③ 亏了也戴帽
002713,2025-04-29,③ 亏了也戴帽
002717,2026-06-03,③ 亏了也戴帽
002721,2023-07-21,③ 亏了也戴帽
002726,2026-04-29,③ 亏了也戴帽
002742,2023-04-29,③ 亏了也戴帽
002743,2026-09-05,③ 亏了也戴帽
002789,2025-04-25,③ 亏了也戴帽
002848,2025-04-25,③ 亏了也戴帽
002856,2026-04-29,③ 亏了也戴帽
002868,2025-04-29,③ 亏了也戴帽
002883,2026-04-30,③ 亏了也戴帽
003004,2025-04-30,③ 亏了也戴帽
003032,2025-04-22,③ 亏了也戴帽
300010,2023-04-26,③ 亏了也戴帽
300013,2024-04-29,③ 亏了也戴帽
300020,2024-09-27,③ 亏了也戴帽
300068,2026-05-06,③ 亏了也戴帽
300091,2025-12-31,③ 亏了也戴帽
300093,2025-04-29,③ 亏了也戴帽
300125,2024-08-19,③ 亏了也戴帽
300152,2025-04-29,③ 亏了也戴帽
300159,2025-03-19,③ 亏了也戴帽
300167,2023-04-27,③ 亏了也戴帽
300209,2024-09-30,③ 亏了也戴帽
300211,2025-04-30,③ 亏了也戴帽
300237,2025-09-27,③ 亏了也戴帽
300245,2026-04-28,③ 亏了也戴帽
300268,2023-04-07,③ 亏了也戴帽
300295,2026-04-23,③ 亏了也戴帽
300301,2025-01-10,③ 亏了也戴帽
300326,2025-04-30,③ 亏了也戴帽
300430,2026-04-30,③ 亏了也戴帽
300460,2025-12-10,③ 亏了也戴帽
300462,2025-07-05,③ 亏了也戴帽
300477,2026-04-27,③ 亏了也戴帽
300506,2024-04-26,③ 亏了也戴帽
300716,2025-05-23,③ 亏了也戴帽
300899,2025-04-29,③ 亏了也戴帽
301030,2026-04-30,③ 亏了也戴帽
301288,2025-04-29,③ 亏了也戴帽
600053,2026-04-29,③ 亏了也戴帽
600107,2025-04-30,③ 亏了也戴帽
600117,2023-04-29,③ 亏了也戴帽
600136,2023-06-06,③ 亏了也戴帽
600165,2024-04-03,③ 亏了也戴帽
600302,2026-04-30,③ 亏了也戴帽
600337,2026-04-30,③ 亏了也戴帽
600340,2026-04-30,③ 亏了也戴帽
600370,2026-04-29,③ 亏了也戴帽
600439,2026-07-31,③ 亏了也戴帽
600476,2026-04-28,③ 亏了也戴帽
600491,2026-04-30,③ 亏了也戴帽
600537,2026-04-28,③ 亏了也戴帽
600543,2023-04-28,③ 亏了也戴帽
600589,2023-04-26,③ 亏了也戴帽
600624,2025-09-20,③ 亏了也戴帽
600730,2026-04-25,③ 亏了也戴帽
600735,2025-09-27,③ 亏了也戴帽
600745,2026-04-30,③ 亏了也戴帽
600753,2025-04-26,③ 亏了也戴帽
600818,2026-04-28,③ 亏了也戴帽
600831,2024-07-06,③ 亏了也戴帽
600889,2026-04-23,③ 亏了也戴帽
601718,2026-04-30,③ 亏了也戴帽
603001,2023-04-26,③ 亏了也戴帽
603007,2024-04-30,③ 亏了也戴帽
603021,2025-04-22,③ 亏了也戴帽
603023,2024-04-30,③ 亏了也戴帽
603030,2023-04-29,③ 亏了也戴帽
603117,2023-05-19,③ 亏了也戴帽
603261,2025-04-26,③ 亏了也戴帽
603359,2026-04-29,③ 亏了也戴帽
603363,2024-04-30,③ 亏了也戴帽
603377,2024-04-30,③ 亏了也戴帽
603378,2026-04-30,③ 亏了也戴帽
603398,2025-04-30,③ 亏了也戴帽
603429,2026-03-21,③ 亏了也戴帽
603557,2024-04-27,③ 亏了也戴帽
603559,2023-10-12,③ 亏了也戴帽
603718,2026-04-30,③ 亏了也戴帽
603721,2025-04-30,③ 亏了也戴帽
603789,2025-04-30,③ 亏了也戴帽
603813,2025-04-29,③ 亏了也戴帽
603822,2025-12-10,③ 亏了也戴帽
603825,2025-08-23,③ 亏了也戴帽
603828,2024-04-30,③ 亏了也戴帽
603838,2025-04-29,③ 亏了也戴帽
603843,2025-04-30,③ 亏了也戴帽
603869,2024-04-30,③ 亏了也戴帽
603879,2024-04-30,③ 亏了也戴帽
603922,2026-04-29,③ 亏了也戴帽
603959,2024-04-30,③ 亏了也戴帽
605199,2025-04-29,③ 亏了也戴帽
605336,2026-04-22,③ 亏了也戴帽
688033,2026-04-30,③ 亏了也戴帽
688053,2025-09-20,③ 亏了也戴帽
688066,2026-04-30,③ 亏了也戴帽
688184,2025-07-26,③ 亏了也戴帽
688189,2026-06-10,③ 亏了也戴帽
688201,2026-04-28,③ 亏了也戴帽
688282,2024-04-30,③ 亏了也戴帽
688496,2026-04-29,③ 亏了也戴帽
688500,2023-04-29,③ 亏了也戴帽
688511,2025-04-30,③ 亏了也戴帽
688622,2026-04-29,③ 亏了也戴帽
