code,date,grp,chars,锚点,类别,证据,title,非公司件,未实施件,粗类
000010,2026-04-29,① 没亏但戴帽,2831,实施其他风险警示的原因,内控被否 / 重大缺陷,025年度财务内部控制进行审计，出具了无法表示意见的内部控制审计报告。根据《深圳证券交易所股票上市规则》（2026年修订）第9.8.1条第四项的规定，上市公司出现“最近一个会计,关于公司股票交易将被实施退市风险警示及其他风险警示暨停牌的公告,False,False,合规/治理类
000506,2024-05-21,① 没亏但戴帽,2564,,内控被否 / 重大缺陷,报字[2024]第ZB10760号）及无法表示意见的内部控制审计报告（信会师报字[2024]第ZB10761号）。根据《深圳证券交易所股票上市规则》第9.3.1条第（三）项规定,关于公司主要银行账户被冻结暨股票交易叠加实施其他风险警示的公告,False,False,合规/治理类
000677,2026-04-30,① 没亏但戴帽,1803,,内控被否 / 重大缺陷,司（以下简称“公司”）2025年度被出具了否定意见的内部控制审计报告，根据《深圳证券交易所股票上市规则》(以下简称“《上市规则》”)第9.8.1条（四）“公司最近一年度被出具无,恒天海龙股份有限公司关于公司股票将被实施其他风险警示暨停牌并变更证券简称的公告,False,False,合规/治理类
002102,2026-04-29,① 没亏但戴帽,1665,实施其他风险警示的原因,内控被否 / 重大缺陷,他风险警示的原因大信对公司2025年度出具了否定意见内部控制审计报告。根据《深圳证券交易所股票上市规则》第9.8.1条“上市公司出现以下情形之一的，本所对其股票实施其他风险警示,关于公司股票被实施其他风险警示暨停复牌的公告,False,False,合规/治理类
002198,2026-04-30,① 没亏但戴帽,1317,实施其他风险警示的原因,内控被否 / 重大缺陷,事务所（特殊普通合伙）出具了否定意见的《2025年度内部控制审计报告》（众会字（2026）第03569号）。根据《深圳证券交易所股票上市规则》第9.8.1条第(四)项的规定，“,关于公司股票将被实施其他风险警示暨停复牌的公告,False,False,合规/治理类
002598,2026-05-09,① 没亏但戴帽,1607,,内控被否 / 重大缺陷,关于关注山东省章丘鼓风机股份有限公司被出具否定意见的内部控制审计报告、股票交易被叠加实施其他风险警示和可能被实施退市风险警示的公告山东省章丘鼓风机股份有限公司（以下简称“山东章,中诚信国际关于关注山东省章丘鼓风机股份有限公司被出具否定意见的内部控制审计报告、股票交易被叠加实施其他风险警示和可能被实,False,False,合规/治理类
002731,2026-02-07,① 没亏但戴帽,1737,的主要原因,账户 / 资产被冻结,讼或仲裁，从而导致公司及子公司主要银行账户被人民法院冻结，对公司业务开展带来重大影响。经慎重判断，公司基于谨慎原则认为，属于主要银行账户被冻结的情形，触及深圳证券交易所《股票上,关于公司主要银行账户被冻结暨股票交易被实施其他风险警示及股票停牌的公告,False,False,合规/治理类
002748,2024-05-16,① 没亏但戴帽,2204,的主要原因,信息披露违法 / 立案 / 处罚,七条：自新规则施行之日起，上市公司收到中国证监会相关行政处罚事先告知书的，适用新规则第9.8.1条第八项关于虚假记载其他风险警示情形的规定。新规则施行前收到行政处罚事先告知书，,关于公司股票被实施其他风险警示暨股票停牌的公告,False,False,合规/治理类
002762,2025-04-23,① 没亏但戴帽,2487,的主要原因,财务类：收入或净资产指标,损益后的净利润-4531.68万元为负值，且扣除后的营业收入低于3亿元。上述财务数据触及《深圳证券交易所股票上市规则》第9.3.1条“（一）最近一个会计年度经审计的利润总额、净,关于公司股票交易被实施退市风险警示暨股票停牌的公告,False,False,财务类
002822,2024-02-24,① 没亏但戴帽,1785,的主要原因,账户 / 资产被冻结,"书，交通银行股份有限公司深圳分行向福田区人民法院申请冻结包含公司银行基本户在内的5个银行账户共计55,662,143.94元。截至目前，公司货币资金余额426,363,558.",关于公司主要银行账户被冻结暨股票交易被实施其他风险警示及股票停牌的公告,False,False,合规/治理类
002932,2026-04-21,① 没亏但戴帽,2509,的主要原因,财务类：收入或净资产指标,扣除非经常性损益后的净利润三者孰低为负值，且扣除后的营业收入低于3亿元”的情形，深圳证券交易所对公司股票交易实施退市风险警示。三、公司董事会关于争取撤销退市风险警示的意见及主要,关于公司股票交易被实施退市风险警示暨股票停复牌安排的公告,False,False,财务类
002977,2026-04-23,① 没亏但戴帽,2235,实施退市风险警示的原因,财务类：收入或净资产指标,扣除非经常性损益后的净利润三者孰低为负值，且扣除后的营业收入低于3亿元”的情形，深圳证券交易所将对其股票交易实施退市风险警示。公司2025年度经审计的财务指标符合前述规定的情形,关于公司股票交易被实施退市风险警示暨股票停牌的公告,False,False,财务类
300205,2025-04-29,① 没亏但戴帽,3506,实施其他风险警示的原因,违规担保,示的情形。鉴于深圳证券交易所尚未同意公司撤销3前次因违规担保而实施的其他风险警示，本次公司股票交易将被叠加实施其他风险警示。三、董事会关于争取撤销本次风险警示的意见及具体措施针,关于股票交易被实施退市风险警示并叠加实施其他风险警示及股票停牌的公告,False,False,合规/治理类
300225,2025-07-02,① 没亏但戴帽,1769,实施其他风险警示的原因,内控被否 / 重大缺陷,见或者否定意见的审计报告，或者未按照规定披露财务报告内部控制审计报告的情形，对其股票交易实施其他风险警示（ST）。2三、公司股票种类、简称、证券代码以及实施风险警示起始日1、股,关于公司股票交易被实施退市风险警示叠加其他风险警示暨停复牌的公告,False,False,合规/治理类
300343,2025-03-22,① 没亏但戴帽,2151,实施其他风险警示的原因,信息披露违法 / 立案 / 处罚,原因公司于2025年3月19日收到山东证监局下发的《行政处罚事先告知书》（﹝2025﹞4号）。根据《行政处罚事先告知书》认定的情况，公司披露的2017年年度报告、2018年半年,关于公司股票被实施其他风险警示暨停复牌的公告,False,False,合规/治理类
300527,2025-08-12,① 没亏但戴帽,2230,触及《,信息披露违法 / 立案 / 处罚,案》，对前期会计差错事项进行了更正及追溯调整，《收到行政处罚事先告知书公告》中所述事项均已整改完成。二、根据《收到行,东方金诚国际信用评估有限公司关于中国船舶重工集团应急预警与救援装备股份有限公司股票交易被实施其他风险警示的关注公告,True,False,合规/治理类
300561,2025-04-23,① 没亏但戴帽,0,,（正文没抓到）,,关于公司股票被实施退市风险警示、其他风险警示暨股票停复牌的公告,False,False,未归类
300965,2024-04-25,① 没亏但戴帽,2449,实施退市风险警示的原因,财务类：净利润为负 / 连亏,10.3.1条第一款第一项“最近一个会计年度经审计的净利润为负值且营业收入低于1亿元，或追溯重述后最近一个会计年度净利润为负值且营业收入低于1亿元”的退市风险警示情形。公司股票,关于公司股票交易将被实施退市风险警示暨股票停牌一天的公告,False,False,财务类
301139,2026-05-09,① 没亏但戴帽,1594,实施退市风险警示的原因,规范运作类其他,按照《创业板股票上市规则》等法律法规的规定，及时履行信息披露义务。敬请广大投资者理性投资，注意投资风险。2、公司指定的信息披露媒体为巨潮资讯网（www.cninfo.com.c,关于公司股票交易将被实施退市风险警示暨停复牌的公告,False,False,合规/治理类
600079,2025-12-13,① 没亏但戴帽,2235,,信息披露违法 / 立案 / 处罚,月12日收到中国证券监督管理委员会湖北监管局下发的《行政处罚事先告知书》（鄂处罚字〔2025〕8号），依据《行政处罚事先告知书》载明的内容，根据《上海证券交易所股票上市规则（2,人福医药关于实施其他风险警示暨停牌的公告,False,False,合规/治理类
600080,2026-04-29,① 没亏但戴帽,2190,,内控被否 / 重大缺陷,财务报告内部控制的有效性进行了审计，出具了否定意见的内部控制审计报告，根据《上海证券交易所股票上市规则》9.8.1条第（三）项“最近一个会计年度财务报告内部控制被出具无法表示意,金花企业（集团）股份有限公司关于实施其他风险警示暨停牌的公告,False,False,合规/治理类
600082,2026-04-11,① 没亏但戴帽,1799,,信息披露违法 / 立案 / 处罚,理委员会天津监管局（以下简称“天津证监局”）下发的《行政处罚事先告知书》（津证监处罚告知〔2026〕8号）（以下简称“《事先告知书》”）。依据《事先告知书》载明的内容，根据《上,天津海泰科技发展股份有限公司关于实施其他风险警示暨停牌的公告,False,False,合规/治理类
600130,2025-04-29,① 没亏但戴帽,2085,触及《,财务类：净利润为负 / 连亏,"适用情形公司2024年度经审计的扣除非经常性损益后的净利润为负值，且扣除与主营业务无关的业务收入和不具备商业实质的收入后的营业收入低于3亿元,触及《上海证券交易所股票上市规则》",波导股份关于实施退市风险警示暨停牌的公告,False,False,财务类
600169,2025-11-01,① 没亏但戴帽,2026,,信息披露违法 / 立案 / 处罚,理委员会山西监管局（以下简称“山西证监局”）下发的《行政处罚事先告知书》（晋证监处罚字〔2025〕3号）（以下简称“《事先告知书》”）。依据《事先告知书》载明的内容，根据《上海,太原重工关于实施其他风险警示暨停牌的公告,False,False,合规/治理类
600180,2026-04-29,① 没亏但戴帽,2263,触及《,审计意见：无法表示 / 否定,警示的适用情形中审众环对公司2025年度财务会计报告出具了无法表示意见的审计报告，根据《上海证券交易所股票上市规则》（2026年4月修订）第9.3.2条第（三）项规定，公司股票,瑞茂通关于公司股票被实施退市风险警示并叠加其他风险警示暨停牌的公告,False,False,财务类
600187,2026-04-30,① 没亏但戴帽,2127,,内控被否 / 重大缺陷,"因旭泰所对公司2025年内部控制出具了无法表示意见的内部控制审计报告，根据《上海证券交易所股票上市规则》第9.8.1条第（三）项规定，公司股票将被实施其他风险警示,本公司的相关",关于实施退市风险警示及叠加其他风险警示暨停牌的公告,False,False,合规/治理类
600287,2024-07-06,① 没亏但戴帽,1379,,信息披露违法 / 立案 / 处罚,"况：适用因公司近日收到中国证券监督管理委员会出具的《行政处罚决定书》（〔2024〕41号），公司股票将被实施其他风险警示,本公司的相关证券停复牌情况如下：证券代码证券简称停复牌",江苏舜天关于股票被实施其他风险警示暨股票停牌的公告,False,False,合规/治理类
600360,2024-04-30,① 没亏但戴帽,1940,,审计意见：无法表示 / 否定,他风险警示的适用情形众华会计师事务所（特殊普通合伙）出具了否定意见的《2023年度内部控制2/3审计报告》，根据《上海证券交易所股票上市规则》第9.8.1条第一款第（三）项规定,吉林华微电子股份有限公司关于股票被实施其他风险警示暨股票停牌的公告,False,False,财务类
600678,2026-04-29,① 没亏但戴帽,2218,,内控被否 / 重大缺陷,财务报告内部控制的有效性进行审计，并出具了否定意见的内部控制审计报告。根据《上海证券交易所股票上市规则》第9.8.1条等相关规定，公司已触及其他风险警示情形，公司股票将于4月2,四川金顶（集团）股份有限公司关于实施其他风险警示暨停牌公告,False,False,合规/治理类
600711,2024-07-31,① 没亏但戴帽,2660,,信息披露违法 / 立案 / 处罚,"月30日收到中国证券监督管理委员会厦门监管局下发的《行政处罚事先告知书》(简称“《事先告知书》”)。依据《事先告知书》载明的内容,根据《上海证券交易所股票上市规则(2024年4",盛屯矿业集团股份有限公司关于实施其他风险警示暨停牌的公告,False,False,合规/治理类
600759,2026-04-28,① 没亏但戴帽,1893,,内控被否 / 重大缺陷,）对公司2025年度财务报告内部控制出具了否定意见的内部控制审计报告。根据《上海证券交易所股票上市规则》第9.8.1条等相关规定，公司股票将被实施其他风险警示。第三节实施其他风,洲际油气股份有限公司关于实施其他风险警示暨停牌的公告,False,False,合规/治理类
600777,2024-04-27,① 没亏但戴帽,1662,触及《,内控被否 / 重大缺陷,"出具无法表示意见或否定意见审计报告，或未按照规定披露内部控制审计报告”的情形。公司股票自2024年4月29日开市起停牌1天，将于2024年4月30日开市起复牌,本公司的相关证券",新潮能源关于股票被实施其他风险警示暨股票停牌的公告,False,False,合规/治理类
600965,2026-04-30,① 没亏但戴帽,1990,触及《,审计意见：无法表示 / 否定,通合伙）（以下简称“泓毅所”）于2026年4月24日出具了无法表示意见的审计报告（泓审字（2026）010113号）和否定意见的内控审计报告（泓专审字（2026）010058号,福成股份：关于股票被实施退市风险警示及叠加其他风险警示暨停牌的公告,False,False,财务类
601010,2026-04-29,① 没亏但戴帽,1921,触及《,内控被否 / 重大缺陷,"出具无法表示意见或否定意见审计报告，或未按照规定披露内部控制审计报告”的情形。公司股票自2026年4月29日开市起停牌1天，将于2026年4月30日开市起复牌,本公司的相关证券",文峰股份关于实施其他风险警示暨停牌的公告,False,False,合规/治理类
603008,2026-04-25,① 没亏但戴帽,2609,,资金占用（非经营性）,见的内部控制审计报告。同时，公司被控股股东及其关联人非经营性占用资金，余额达到最近一期经审计净资产绝对值5%以上；公司违反规定决策程序对外提供担保，余额达到最近一期经审计净资产,喜临门健康睡眠科技股份公司关于实施其他风险警示暨停牌的公告,False,False,合规/治理类
603189,2026-04-30,① 没亏但戴帽,2003,,财务类：收入或净资产指标,、净利润或者扣除非经常性损益后的净利润孰低者为负值且营业收入低于3亿元，根据《上海证券交易所股票上市规则》（简称“《上市规则》”）的有关规定，公司股票在2025年年度报告披露后,关于实施退市风险警示暨停牌的公告,False,False,财务类
603268,2025-04-28,① 没亏但戴帽,2337,触及《,财务类：收入或净资产指标,扣除与主营业务无关的业务收入和不具备商业实质的收入后营业收入低于3亿元，触及《上海证券交易所股票上市规则》第9.3.2条第一款第（一）项规定的情形，公司股票将被实施退市风险警示,松发股份：关于实施退市风险警示暨停牌的公告,False,False,财务类
603272,2026-04-28,① 没亏但戴帽,1797,触及《,财务类：收入或净资产指标,、净利润或者扣除非经常性损益后的净利润孰低者为负值且营业收入低于3亿元，或追溯重述后最近一个会计年度利润总额、净利润或者扣除非经常性损益后的净利润孰低者为负值且营业收入低于3亿,关于公司股票实施退市风险警示暨停牌的公告,False,False,财务类
603517,2025-09-20,① 没亏但戴帽,1994,,信息披露违法 / 立案 / 处罚,月19日收到中国证券监督管理委员会湖南监管局下发的《行政处罚事先告知书》（〔2025〕7号）（以下简称“《事先告知书》”），依据《事先告知书》载明的内容，根据《上海证券交易所股,关于实施其他风险警示暨停牌的公告,False,False,合规/治理类
603580,2025-04-29,① 没亏但戴帽,1568,,财务类：收入或净资产指标,"除与主营业务无关的业务收入和不具备商业实质的收入后的营业收入低于3亿元,公司股票将被实施退市风险警示,本公司的相关证券停复牌情况如下：证券代码证券简称停复牌类型停牌起始日停牌期",艾艾精工关于公司股票被实施退市风险警示暨停牌的公告,False,False,财务类
603595,2025-10-30,① 没亏但戴帽,2025,,信息披露违法 / 立案 / 处罚,月29日收到中国证券监督管理委员会浙江监管局下发的《行政处罚事先告知书》（浙处罚字[2025]19号），依据《行政处罚事先告知书》载明的内容，根据《上海证券交易所股票上市规则（,东尼电子关于实施其他风险警示暨停牌的公告,False,False,合规/治理类
688022,2026-04-30,① 没亏但戴帽,4112,实施退市风险警示的原因,资金占用（非经营性）,（二）针对内部控制审计报告中公司相关事项与实际控制人资金占用事项，为保持并促进公司可持续发展，公司结合实际状况拟采取以下改善措施：1、关于实际控制人资金占用事项，资金占用情况发,关于被实施其他风险警示暨停牌的公告,False,False,合规/治理类
688076,2025-07-19,① 没亏但戴帽,2068,,信息披露违法 / 立案 / 处罚,证券监督管理委员会（以下简称“中国证监会”）下发的《行政处罚事先告知书》（处罚字〔2025〕59号）（以下简称“《事先告知书》”）。依据《事先告知书》载明的内容，根据《上海证券,诺泰生物：关于实施其他风险警示暨停牌的公告,False,False,合规/治理类
688089,2026-07-25,① 没亏但戴帽,1971,,未归类,证券代码：688089证券简称：嘉必优公告编号：2026-019嘉必优生物技术（武汉）股份有限公司关于被实施其他风险警示暨停牌的公告本公司董事会及全体董事保证本,嘉必优生物技术(武汉)股份有限公司关于被实施其他风险警示暨停牌的公告,False,False,未归类
688646,2025-04-30,① 没亏但戴帽,2741,触及《,审计意见：无法表示 / 否定,4年度内部控制的审计机构，对公司2024年度内部控制出具了否定意见内部控,逸飞激光关于股票被实施其他风险警示暨股票停牌的公告,False,False,财务类
000056,2026-04-24,③ 亏了也戴帽,2412,的主要原因,审计意见：无法表示 / 否定,对公司2025年度出具了带持续经营重大不确定性段落的无法表示意见的审计报告（尤振审字[2026]第0489号）。根据《深圳证券交易所股票上市规则》第9.8.1条第(七)款规定，,关于公司股票交易被实施退市风险警示及其他风险警示暨停牌的公告,False,False,财务类
000070,2024-05-22,③ 亏了也戴帽,1337,,信息披露违法 / 立案 / 处罚,8号中证鹏元关于关注深圳市特发信息股份有限公司收到《行政处罚及市场禁入事先告知书》及被实施其他风险警示等事项的公告中证鹏元资信评估股份有限公司（以下简称“中证鹏元”）对深圳市特,中证鹏元关于关注深圳市特发信息股份有限公司收到《行政处罚及市场禁入事先告知书》及被实施其他风险警示等事项的公告,False,False,合规/治理类
000078,2026-04-30,③ 亏了也戴帽,2500,实施其他风险警示的原因,内控被否 / 重大缺陷,计师事务所对公司2025年度内部控制出具了否定意见的内部控制审计报告。根据《深圳证券交易所股票上市规则（2026年修订）》第9.8.1条规定，上市公司出现最近一个会计年度财务报,关于公司股票被实施其他风险警示暨停复牌的公告,False,False,合规/治理类
000430,2025-11-04,③ 亏了也戴帽,3448,,重整 / 破产,048张家界旅游集团股份有限公司关于法院裁定受理公司重整并指定管理人暨公司股票交易将被叠加实施退市风险警示的公告本公司及董事会全体成员保证信息披露的内容真实、准确、完整，没有虚,张家界旅游集团股份有限公司关于法院裁定受理公司重整并指定管理人暨公司股票交易将被叠加实施退市风险警示的公告,False,False,重整/破产
000488,2025-04-01,③ 亏了也戴帽,3426,实施其他风险警示的原因,内控被否 / 重大缺陷,24年度内部控制的有效性进行了审计，出具了否定意见的内部控制审计报告，根据《深圳证券交易所股票上市规则》第9.8.1条（四）款规定，公司股票触发被实施其他风险警示的情形。三、董,关于公司股票被叠加实施其他风险警示的公告,False,False,合规/治理类
000504,2025-04-22,③ 亏了也戴帽,2209,的主要原因,财务类：收入或净资产指标,扣除非经常性损益后的净利润三者孰低为负值，且扣除后的营业收入低于3亿元”的情形，公司股票交易将被实施退市风险警示（股票简称前冠以“*ST”字样）。五、其他说明及相关风险提示1.,南华生物关于2024年年度业绩预告修正暨可能被实施退市风险警示的公告,False,True,财务类
000595,2025-04-26,③ 亏了也戴帽,2981,的主要原因,财务类：收入或净资产指标,扣除非经常性损益后的净利润三者孰低为负值，且扣除后的营业收入低于3亿元”的情形，公司股票交易于2025年4月29日起被深圳证券交易所实施“退市风险警示”。三、董事会关于争取撤销,关于公司股票交易被实施退市风险警示暨股票停复牌的公告,False,False,财务类
000608,2025-04-19,③ 亏了也戴帽,1546,的主要原因,财务类：净利润为负 / 连亏,度公司经审计的利润总额、净利润、扣除非经常性损益后的净利润为负值，且扣除后的营业收入低于3亿元，根据《深圳证券交易所股票上市规则》9.3.1条的相关规定，公司股票交易将被实施退,关于公司股票交易被实施退市风险警示暨股票停复牌的公告,False,False,财务类
000609,2024-04-26,③ 亏了也戴帽,3483,的主要原因,财务类：净利润为负 / 连亏,披露《2023年年度报告》，最近一个会计年度经审计的净利润为负值且营业收入低于1亿元，根据《深圳证券交易所股票上市规则》第9.3.1条第（一）款规定的情形“最近一个会计年度经审,中迪投资关于公司股票交易被实施退市风险警示、其他风险警示暨股票停牌的公告,False,False,财务类
000610,2026-04-24,③ 亏了也戴帽,2537,的主要原因,财务类：收入或净资产指标,9.3.1第一款“（二）最近一个会计年度经审计的期末净资产为负值”规定的对股票交易实施退市风险警示的情形，公司股票交易将在披露2025年年度报告后被实施退市风险警示（在股票简称,关于公司股票交易可能被实施退市风险警示暨停牌的公告,False,True,财务类
000615,2023-04-29,③ 亏了也戴帽,2833,触及《,审计意见：无法表示 / 否定,计师事务所（特殊普通合伙）对公司2022年度财务报告出具了无法表示意见的审计报告，该事项触及《股票上市规则》第9.3.1条第（三）项规定的对股票实施退市风险警示的情形，公司股票,关于公司股票被实施退市风险警示及其他风险警示暨停牌的公告,False,False,财务类
000620,2023-04-29,③ 亏了也戴帽,2710,实施其他风险警示的原因,未归类,实施其他风险警示的原因根据中兴财光华会计师事务所（特殊普通合伙）出具的中兴财光华审会字（2021）第213153号、中兴财光华审会字（2022）第213121号,关于公司股票交易被实施退市风险警示及其他风险警示暨股票交易停牌的公告,False,False,未归类
000632,2026-04-29,③ 亏了也戴帽,2193,的主要原因,未归类,"的主要原因公司最近三个会计年度扣除非经常性损益前后净利润孰低者均为负值，具体如下：项目2025年2024年2023年归属于上市公司股东的净利润（元）-896,4",关于公司股票交易被实施其他风险警示暨停复牌的公告,False,False,未归类
000637,2023-04-29,③ 亏了也戴帽,2057,实施其他风险警示的原因,内控被否 / 重大缺陷,殊普通合伙）（以下简称“致同事务所”）出具否定意见的内部控制审计报告。本事项触及《深圳证券交易所股票上市规则》（2022年修订）（以下简称“《股票上市规则》”）第九章第八节第9,关于公司股票交易被实施其他风险警示暨股票停牌的公告,False,False,合规/治理类
000639,2026-04-29,③ 亏了也戴帽,1906,的主要原因,内控被否 / 重大缺陷,审计，财务报告内部控制被出具否定意见的《2025年度内部控制审计报告》。根据《深圳证券交易所股票上市规则》第9.8.1条第（四）款的规定，若最近一个会计年度财务报告内部控制被出,关于公司股票交易被实施其他风险警示、停牌暨可能被实施退市风险警示的公告,False,False,合规/治理类
000656,2024-04-23,③ 亏了也戴帽,1487,的主要原因,重整 / 破产,导性陈述或重大遗漏。事裁定书》，五中院裁定受理公司的重整申请。根据《深圳证券交易所股票上市规则》（以下简称“《上市规则》”）第9.4.1条的规定，“上市公司出现下列情形之一的，,关于公司股票被实施退市风险警示暨股票停牌的公告,False,False,重整/破产
000697,2023-03-22,③ 亏了也戴帽,2725,的主要原因,未归类,的主要原因22023年3月20日，信永中和会计师事务所（特殊普通合伙）出具了带持续经营重大不确定性段落的无保留意见的公司2022年度《审计报告》：“我们提醒财务,关于公司股票交易被实施退市风险警示叠加其他风险警示暨停复牌的公告,False,False,未归类
000698,2025-10-01,③ 亏了也戴帽,2757,实施其他风险警示的原因,信息披露违法 / 立案 / 处罚,份有限公司关于收到中国证券监督管理委员会辽宁监管局〈行政处罚事先告知书〉的公告》（公告编号：2025-037）。根据《事先告知书》载明的内容及《深圳证券交易所股票上市规则（20,沈阳化工股份有限公司关于公司股票将被实施其他风险警示暨停复牌的公告,False,False,合规/治理类
000736,2025-04-15,③ 亏了也戴帽,2274,实施退市风险警示的原因,财务类：收入或净资产指标,示的原因公司2024年末经审计的归属于上市公司股东的净资产为负值。2根据《深圳证券交易所股票上市规则》（2024年修订）第9.3.1条第一款的规定，上市公司出现“（二）近一个会,关于公司股票被实施退市风险警示暨停牌的公告,False,False,财务类
000793,2025-03-17,③ 亏了也戴帽,2014,的主要原因,信息披露违法 / 立案 / 处罚,原因2025年3月14日，公司收到海南证监局出具的《行政处罚事先告知书》（〔2025〕1号），详见公司于本公告同日在指定信息披露媒体上披露的《关于公司及相关人员收到中国证券监督,关于公司股票被实施其他风险警示暨停复牌的公告,False,False,合规/治理类
000826,2026-04-29,③ 亏了也戴帽,3152,的主要原因,财务类：收入或净资产指标,普通合伙）审计，公司2025年度经审计的归属于母公司净资产为负值。该财务指标已触及《股票上市规则》第9.3.1条之“（二）最近一个会计年度经审计的期末净资产为负值”规定的对股票,关于公司股票交易被实施退市风险警示及其他风险警示暨停牌的公告,False,False,财务类
000838,2026-04-24,③ 亏了也戴帽,2607,触及《,财务类：收入或净资产指标,扣除非经常性损益后的净利润三者孰低为负值，且扣除后的营业收入低于3亿元。（二）最近一个会计年度经审计的期末净资产为负值”的情形，将被实施退市风险警示。2、公司最近三个会计年度经,关于公司股票交易被实施退市风险警示、其他风险警示暨股票停复牌的公告,False,False,财务类
000903,2026-04-28,③ 亏了也戴帽,2687,的主要原因,信息披露违法 / 立案 / 处罚,7月8日，公司收到中国证券监督管理委员会云南监管局《行政处罚事先告知书》（〔2025〕2号），根据《深圳证券交易所股票上市规则》第9.8.1条第（八）项规定，公司股票被实施其他,关于公司股票交易被叠加实施其他风险警示的公告,False,False,合规/治理类
000908,2024-04-30,③ 亏了也戴帽,2633,实施其他风险警示的原因,内控被否 / 重大缺陷,因1、大信对公司2023年度内部控制出具了否定意见的内部控制审计报告。公司最近一年被出具否定意见的内部控制审计报告，属于《深圳证券交易所股票上市规则》第9.8.1条第一款第（四,关于公司股票交易被实施退市风险警示叠加其他风险警示暨股票停复牌的公告,False,False,合规/治理类
000909,2026-03-31,③ 亏了也戴帽,2025,实施退市风险警示的原因,财务类：收入或净资产指标,净利润、扣除非经常性损益后的净利润均为负值且扣除后的营业收入低于3亿元，根据《深圳证券交易所股票上市规则》第9.3.1条的规定，公司股票交易将被叠加实施退市风险警示。三、公司董,关于公司股票交易被叠加实施退市风险警示暨停复牌的公告,False,False,财务类
000911,2026-04-29,③ 亏了也戴帽,3869,实施其他风险警示的原因,内控被否 / 重大缺陷,见或者否定意见的审计报告，或者未按照规定披露财务报告内部控制审计报告”，公司股票交易将在年度报告披露后被实施其他风险警示。综上所述，由于公司同时触及对股票交易实施退市风险警示和,广西农投糖业集团股份有限公司关于公司股票交易被实施退市风险警示和其他风险警示暨停牌的公告,False,False,合规/治理类
000929,2025-04-29,③ 亏了也戴帽,2266,的主要原因,财务类：收入或净资产指标,、扣除非经常性损益后的净利润三者均为负值，且扣除后的营业收入低于3亿元。上述财务数据触及《深圳证券交易所股票上市规则》第9.3.1条“（一）最近一个会计年度经审计的利润总额、净,关于公司股票交易被实施退市风险警示暨停牌的公告,False,False,财务类
000972,2025-03-29,③ 亏了也戴帽,2363,的主要原因,财务类：收入或净资产指标,、扣除非经常性损益后的净利润三者均为负值，且扣除后的营业收入低于3亿元，同时，归属于上市公司股东的净资产为负。上述财务数据触及《深圳证券交易所股票上市规则（2024年修订）》第,关于公司股票交易被实施退市风险警示暨停牌的公告,False,False,财务类
001270,2025-04-23,③ 亏了也戴帽,3654,的主要原因,财务类：收入或净资产指标,扣除非经常性损益后的净利润三者孰低为负值，且扣除后的营业收入低于3亿元。”的情形，其股票交易将被实施退市风险警示（股票简称前冠以“*ST”字样）。经立信会计师事务所（特殊普通合,浙江铖昌科技股份有限公司关于公司股票交易被实施退市风险警示暨股票停牌的公告,False,False,财务类
002021,2023-11-25,③ 亏了也戴帽,6994,,重整 / 破产,-093中捷资源投资股份有限公司关于法院裁定受理公司重整、启动债权申报及召开第一次债权人会议暨公司股票交易将被叠加实施退市风险警示的公告本公司及董事会全体成员保证信息披露的内容,关于法院裁定受理公司重整、启动债权申报及召开第一次债权人会议暨公司股票交易将被叠加实施退市风险警示的公告,False,False,重整/破产
002047,2025-04-24,③ 亏了也戴帽,2563,的主要原因,财务类：收入或净资产指标,定，上市公司出现“（二）最近一个会计年度经审计的期末净资产为负值”的情形，深圳证券交易所将对其股票交易实施退市风险警示。如公司2024年度经审计的期末归属于母公司所有者权益为负,关于2024年年度业绩预告修正暨可能被实施退市风险警示的公告,False,True,财务类
002055,2026-04-29,③ 亏了也戴帽,2024,实施其他风险警示的原因,未归类,实施其他风险警示的原因由于公司连续三个会计年度（2023年至2025年）扣除非经常性损益前后净利润孰低者均为负值，且2025年度被中证天通会计师事务所（特殊普通,关于公司股票被叠加实施其他风险警示的公告,False,False,未归类
002058,2025-04-29,③ 亏了也戴帽,2103,实施退市风险警示的原因,财务类：收入或净资产指标,扣除非经常性损益后的净利润三者孰低为负值，且扣除后的营业收入低于3亿元。触及《深圳证券交易所股票上市规则》第9.3.1条规定的情形，上市公司出现“（一）最近一个会计年度经审计的,关于公司股票被实施退市风险警示暨股票停牌的公告,False,False,财务类
002082,2026-04-30,③ 亏了也戴帽,1767,实施其他风险警示的原因,内控被否 / 重大缺陷,见或者否定意见的审计报告，或者未按照规定披露财务报告内部控制审计报告”情形的，深圳证券交易所将对公司股票交易实施其他风险警示。三、董事会关于争取撤销其他风险警示的意见及具体措施,关于公司股票交易被实施其他风险警示暨股票停复牌的公告,False,False,合规/治理类
002092,2024-05-24,③ 亏了也戴帽,7011,触及《,资金占用（非经营性）,契约锁8对行政处罚涉及的虚增收入、成本和归还非经营性资金占用款项、利息事项做了会计差错更正，并对以前年度财务报表进行追溯调整。发行人将在收到《行政处罚决定书》之日起满十二个月后,申万宏源证券有限公司关于新疆中泰化学股份有限公司股票交易将被实施其他风险警示暨股票停牌的临时受托管理事务报告,True,False,合规/治理类
002124,2024-04-30,③ 亏了也戴帽,1845,的主要原因,重整 / 破产,：1、2024年4月8日公司股东大会审议通过了拟进行重整暨预重整的议案。公司拟借助这次重整的契机，清退低效资产、去除冗余产能、提升资产质量、化解债务风险、降低资产负债率，从而改,关于公司股票被实施其他风险警示暨停牌的公告,False,False,重整/破产
002141,2024-04-26,③ 亏了也戴帽,2193,的主要原因,内控被否 / 重大缺陷,退市风险警示”。2.公司2023年度被出具否定意见的内部控制审计报告，上述事项触及现行《深圳证券交易所股票上市规则》第9.8.1条“（四）公司最近一年被出具无法表示意见或者否定,关于公司股票交易实施退市风险警示和其他风险警示暨停复牌公告,False,False,合规/治理类
002157,2023-07-21,③ 亏了也戴帽,4189,触及《,重整 / 破产,《深圳证券交易所上市公司自律监管指引第14号——破产重整等事项》等的有关规定履行信息披露义务。公司指定信息披露媒体为《证券时报》《证券6日报》《上海证券报》和巨潮资讯网，有关公,关于法院裁定受理公司重整及指定管理人暨公司股票交易将被叠加实施退市风险警示的公告,False,False,重整/破产
002197,2024-09-05,③ 亏了也戴帽,2052,实施其他风险警示的原因,信息披露违法 / 立案 / 处罚,日，公司及相关责任人收到中国证监会深圳证监局下发的《行政处罚事先告知书》（[2024]17号），根据本次《行政处罚事先告知书》认定的情况，公司披露的年度报告财务指标存在虚假记载,关于公司股票交易被叠加实施其他风险警示的公告,False,False,合规/治理类
002214,2025-04-26,③ 亏了也戴帽,2298,触及《,财务类：收入或净资产指标,扣除非经常性损益后的净利润三者孰低为负值，且扣除后的营业收入低于3亿元。”规定的情形，公司股票交易因此被深圳证券交易所实施退市风险警示。根据《股票上市规则》第9.3.4条规定，,浙江大立科技股份有限公司关于公司股票交易被实施退市风险警示暨停牌的公告,False,False,财务类
002217,2024-04-30,③ 亏了也戴帽,3336,触及《,财务类：收入或净资产指标,023年度审计报告，公司2023年度末合并口径经审计净资产为负值，触及《深圳证券交易所股票上市规则》第9.3.1条第一款第（二）项的规定，上市公司出现“最近一个会计年度经审计的,2024-040  关于公司股票交易被实施退市风险警示及其他风险警示暨股票交易停牌的公告,False,False,财务类
002227,2026-04-21,③ 亏了也戴帽,2195,实施退市风险警示的原因,财务类：收入或净资产指标,扣除非经常性损益后的净利润三者孰低为负值，且扣除后的营业收入低于3亿元”的情形，深圳证券交易所对其股票交易实施退市风险警示。公司2025年度经审计的财务指标符合前述规定的情形，,关于股票交易被实施退市风险警示暨股票停牌的公告,False,False,财务类
002251,2023-10-30,③ 亏了也戴帽,1390,的主要原因,重整 / 破产,10号《民事裁定书》，湘潭中院裁定受理申请人对公司的重整申请。2/2根据《深圳证券交易所股票上市规则》（以下简称“《上市规则》”）第9.4.1条的规定，“上市公司出现下列情形之,关于公司股票被实施退市风险警示暨股票停牌的公告,False,False,重整/破产
002253,2025-04-28,③ 亏了也戴帽,2274,实施退市风险警示的原因,财务类：收入或净资产指标,扣除非经常性损益后的净利润三者孰低为负值，且扣除后的营业收入低于3亿元”的情形，公司股票交易将被深圳证券交易所实施退市风险警示。三、董事会关于争取撤销风险警示的意见及主要措施针,关于公司股票交易被实施退市风险警示暨停牌的公告,False,False,财务类
002289,2023-04-27,③ 亏了也戴帽,1819,的主要原因,未归类,的主要原因《深圳证券交易所股票上市规则》第9.8.1条第（七）项规定，公司最近三个会计年度扣除非经常性损益前后净利润孰低者均为负值，且最近一年审计报告显示公司持,关于公司股票交易被实施其他风险警示暨停复牌的公告,False,False,未归类
002305,2025-04-29,③ 亏了也戴帽,2453,的主要原因,财务类：收入或净资产指标,第9.3.1条之“（二）最近一个会计年度经审计的期末净资产为负值”规定的对股票交易实施退市风险警示的情形，公司股票交易将在披露2024年年度报告后被实施退市风险警示。立信会计师,关于公司股票交易被实施退市风险警示及其他风险警示暨停牌的公告,False,False,财务类
002309,2024-05-14,③ 亏了也戴帽,1502,实施其他风险警示的原因,重整 / 破产,其他风险警示，公司股票交易不停牌。2、公司已经处于预重整阶段。公司将继续积极配合重整工作推进，以期借助司法程序引入重整投资人，若重整实施完成，将解决公司相关问题，使公司重回良性,关于公司股票交易被叠加实施其他风险警示的公告,False,False,重整/破产
002310,2024-11-23,③ 亏了也戴帽,2220,,财务类：收入或净资产指标,重整期间的管理人。2、因公司2023年度经审计的期末净资产为负值，2021-2023年连续三个会计年度经审计扣除非经常性损益前后净利润孰低者均为负值，且2023年度审计报告显示,关于公司股票交易被叠加实施退市风险警示的公告,False,False,财务类
002431,2026-04-25,③ 亏了也戴帽,2569,实施其他风险警示的原因,未归类,实施其他风险警示的原因根据《深圳证券交易所股票上市规则》第9.8.1条第(七)项的规定，“上市公司出现最近三个会计年度扣除非经常性损益前后净利润孰低者均为负值，,关于公司股票被实施其他风险警示暨停复牌公告,False,False,未归类
002528,2025-04-30,③ 亏了也戴帽,2504,实施其他风险警示的原因,内控被否 / 重大缺陷,原因2023年度，公司被中兴华出具了无法表示意见的《内部控制审计报告》（中兴华内控审计字（2024）第010012号），根据《深圳证券交易所股票上市规则》第9.8.1条第（四）,关于公司股票被叠加实施其他风险警示的公告,False,False,合规/治理类
002542,2026-04-18,③ 亏了也戴帽,1960,实施退市风险警示的原因,财务类：收入或净资产指标,示的原因公司2025年末经审计的归属于上市公司股东的净资产为负值。根据《股票上市规则》第9.3.1条第一款的规定，上市公司出现“（二）近一个会计年度经审计的期末净资产为负值”的,关于公司股票交易被实施退市风险警示暨停牌的公告,False,False,财务类
002547,2026-04-29,③ 亏了也戴帽,1777,触及《,规范运作类其他,利能力，推动经营效益稳步改善。3、健全风控体系，保障规范运作,关于公司股票被实施退市风险警示叠加其他风险警示暨股票停牌的公告,False,False,合规/治理类
002581,2026-04-29,③ 亏了也戴帽,1355,的主要原因,财务类：净利润为负 / 连亏,度公司经审计的利润总额、净利润、扣除非经常性损益后的净利润为负值，且扣除后的营业收入低于3亿元，根据《深圳证券交易所股票上市规则》9.3.1条的相关规定，公司股票交易被实施退市,关于公司股票被实施退市风险警示暨停牌的公告,False,False,财务类
002630,2025-04-29,③ 亏了也戴帽,2585,的主要原因,内控被否 / 重大缺陷,川华信会计师事务所出具了无法表示意见的《2024年度内部控制审计报告》。根据《深圳证券交易所股票上市规则》第9.8.1条第（四）款的规定：最近一个会计年度财务报告内部控制被出具,关于公司股票被实施其他风险警示暨股票停牌的公告,False,False,合规/治理类
002634,2026-04-25,③ 亏了也戴帽,3645,实施其他风险警示的原因,重整 / 破产,实维护公司和投资者利益。具体措施如下：1、大力推进预重整相关工作公司将以高度的责任感与积极性，严格依照法律规定，切实履行债务人的法定义务，秉持市场化、法治化原则，依法合规与各方,关于公司股票将被实施退市风险警示和其他风险警示暨停牌的公告,False,False,重整/破产
002647,2024-12-31,③ 亏了也戴帽,6321,实施退市风险警示的原因,重整 / 破产,州中院裁定受理申请人北京乐橙互娱科技有限公司对公司的重整申请。根据《深圳证券交易所股票上市规则》第9.4.1条第（九）项规定：“上市公司出现下列情形之一的，本所对其股票交易实施,关于法院裁定受理公司重整并指定管理人暨公司股票交易将被实施退市风险警示的公告,False,False,重整/破产
002656,2023-06-30,③ 亏了也戴帽,1690,实施其他风险警示的原因,内控被否 / 重大缺陷,警示的原因因中喜会计师事务所对公司出具无法表示意见的内部控制审计报告，根据《深圳证券交易所股票上市规则》第九章第八节第9.8.1条第（四）项规定，公司触及被实施“其他风险警示”,关于公司股票交易被叠加实施其他风险警示的公告,False,False,合规/治理类
002667,2026-04-30,③ 亏了也戴帽,2115,的主要原因,内控被否 / 重大缺陷,进行了2025年度内部控制审计并出具了《2025年度内部控制审计报告》，财务报告内部控制为否定意见。根据《深圳证券交易所股票上市规则》第9.8.1条第（四）款的规定，深圳证券交,关于公司股票交易被实施退市风险警示及其他风险警示暨停复牌的公告,False,False,合规/治理类
002691,2026-04-29,③ 亏了也戴帽,2081,实施退市风险警示的原因,财务类：收入或净资产指标,利润、扣除非经常性损益后的净利润均为负值，且扣除后的营业收入低于3亿元。根据《深圳证券交易所股票上市规则》的规定，公司2025年度财务指标触及第9.3.1条第一款第（一）项的规,关于公司股票交易被实施退市风险警示暨股票停复牌安排的公告,False,False,财务类
002693,2025-04-29,③ 亏了也戴帽,2710,的主要原因,财务类：收入或净资产指标,扣除非经常性损益后的净利润三者孰低为负值，且扣除后的营业收入低于3亿元”的情形，其股票交易将被实施退市风险警示。因公司2024年度经审计的上述财务指标触及了第9.3.1条第一款,海南双成药业股份有限公司关于公司股票被实施退市风险警示暨停牌的公告,False,False,财务类
002694,2026-04-29,③ 亏了也戴帽,2307,的主要原因,财务类：收入或净资产指标,1条第一款第二项的规定“最近一个会计年度经审计的期末净资产为负值”的情形，深圳证券交易所对公司股票交易实施退市风险警示。2、公司最近三个会计年度经审计扣除非经常性损益前后净利润,关于公司股票交易被实施退市风险警示暨股票停复牌安排的公告,False,False,财务类
002713,2025-04-29,③ 亏了也戴帽,2882,触及《,财务类：收入或净资产指标,024年度审计报告，公司2024年度末合并口径经审计净资产为负值，触及《深圳证券交易所股票上市规则》第9.3.1条第一款第（二）项的规定，上市公司出现“最近一个会计年度经审计的,2025-039 关于公司股票交易被实施退市风险警示及其他风险警示暨股票交易停牌的公告,False,False,财务类
002717,2026-06-03,③ 亏了也戴帽,1995,实施其他风险警示的原因,信息披露违法 / 立案 / 处罚,实施其他风险警示的原因公司近日收到广东证监局出具的《行政处罚事先告知书》（广东证监处罚字〔2026〕6号），《告知书》中指出公司披露的年度报告财务指标存在虚假记载行为，根据《深,关于公司股票被叠加实施其他风险警示的公告,False,False,合规/治理类
002721,2023-07-21,③ 亏了也戴帽,2387,触及《,重整 / 破产,规定，公司股票将被终止上市。3、如果后续公司顺利实施重整并执行完毕重整计划，将改善公司的资产负债结构，进而改善公司经营状况。但公司后续经营和财务指标如果不符合《股票上市规则》等,关于公司股票被叠加实施退市风险警示的公告,False,False,重整/破产
002726,2026-04-29,③ 亏了也戴帽,2055,的主要原因,内控被否 / 重大缺陷,被和信会计师事务所（特殊普通合伙）出具了否定意见的《内部控制审计报告》；公司2023年度、2024年度、2025年度扣除非经常性损益前后净利润孰低者均为负值，且2025年度审计,关于公司股票交易被实施其他风险警示暨股票停牌的公告,False,False,合规/治理类
002742,2023-04-29,③ 亏了也戴帽,2805,,资金占用（非经营性）,未经公司董事会、监事会和股东大会审议，已经构成关联方资金占用。2、公司海外子公司三圣药业有限公司于2019年6月26日与埃塞俄比亚NIB国际银行签订抵押担保合同，以其厂房和机器,关于公司股票被叠加实施其他风险警示的公告,False,False,合规/治理类
002743,2026-09-05,③ 亏了也戴帽,1816,实施其他风险警示的原因,重整 / 破产,障治理架构平稳有序运转。3、在合肥中院已对公司启动预重整的基础上，公司正在全面推动相关融资方案，专项用于保障公司生产经营资金需求。同时，公司持续盘活低效资产，优化资产结构，夯实,关于公司主要银行账号被冻结暨股票交易被实施其他风险警示及股票停复牌的公告,False,False,重整/破产
002789,2025-04-25,③ 亏了也戴帽,3507,的主要原因,财务类：收入或净资产指标,》第9.3.1条“（二）最近一个会计年度经审计的期末净资产为负值。”规定的情形，公司股票交易因此被深圳证券交易所实施退市风险警示。依据公司2022、2023、2024年年度报告,关于公司股票被实施退市风险警示叠加其他风险警示暨股票停牌的公告,False,False,财务类
002848,2025-04-25,③ 亏了也戴帽,2902,的主要原因,财务类：净利润为负 / 连亏,披露《2024年年度报告》，最近一个会计年度经审计的净利润为负值且扣除后营业收入低于3亿元，根据《深圳证券交易所股票上市规则》第9.3.1条第（一）款规定的情形“最近一个会计年,关于公司股票交易被实施退市风险警示及实施其他风险警示暨停牌的公告,False,False,财务类
002856,2026-04-29,③ 亏了也戴帽,3715,的主要原因,财务类：收入或净资产指标,》第9.3.1条“（二）最近一个会计年度经审计的期末净资产为负值”规定的情形，公司股票交易将在披露2025年年度报告后被实施退市风险警示。中审亚太事务所对公司2025年度财务报,2026-027：关于公司股票交易被实施退市风险警示及其他风险警示暨停牌的公告,False,False,财务类
002868,2025-04-29,③ 亏了也戴帽,3015,实施其他风险警示的原因,未归类,"实施其他风险警示的原因公司2022年、2023年、2024度经审计的归属上市公司股东的净利润分别为-121,938,109.79元、-221,817,878.5",关于公司股票被实施退市风险警示及其他风险警示暨停牌的公告,False,False,未归类
002883,2026-04-30,③ 亏了也戴帽,2705,的主要原因,财务类：收入或净资产指标,扣除非经常性损益后的净利润三者孰低为负值，且扣除后的营业收入低于3亿元”规定的对股票交易实施退市风险警示的情形，公司股票交易将在披露2025年年度报告后被实施退市风险警示。三、,关于公司股票交易被实施退市风险警示及股票停牌的公告,False,False,财务类
003004,2025-04-30,③ 亏了也戴帽,2813,的主要原因,财务类：收入或净资产指标,扣除非经常性损益后的净利润三者孰低为负值，且扣除后的营业收入低于3亿元”规定的对股票交易实施退市风险警示的情形，公司股票交易将在披露2024年年度报告后被实施退市风险警示。三、,关于公司股票交易被实施退市风险警示暨股票停牌的公告,False,False,财务类
003032,2025-04-22,③ 亏了也戴帽,3018,实施退市风险警示的原因,财务类：收入或净资产指标,扣除非经常性损益后的净利润三者孰低为负值，且扣除后的营业收入低于3亿元”的情形，深圳证券交易所对其股票交易实施退市风险警示。公司2024年度经审计的财务指标符合前述规定的情形，,关于股票交易被实施退市风险警示暨股票停牌的公告,False,False,财务类
300010,2023-04-26,③ 亏了也戴帽,2395,实施退市风险警示的原因,财务类：收入或净资产指标,没有虚假记载、误导性陈述或者重大遗漏。度经审计的期末净资产为负值，或追溯重述后最近一个会计年度期末净资产为负值”，公司股票交易将被实施退市风险警示。2．公司最近三个会计年度扣除,关于公司股票被实施退市风险警示、其他风险警示暨临时停牌的公告,False,False,财务类
300013,2024-04-29,③ 亏了也戴帽,2314,,财务类：收入或净资产指标,条第一款第二项的规定，“最近一个会计年度经审计的期末净资产为负值，或追溯重述后最近一个会计年度期末净资产为负值”，公司股票交易将被实施退市风险警示。2.公司最近三个会计年度扣除,关于公司股票交易被实施退市风险警示及其他风险警示暨停牌的公告,False,False,财务类
300020,2024-09-27,③ 亏了也戴帽,1663,触及《,资金占用（非经营性）,团有限公司（以下简称“控股股东”）存在对公司非经营性资金占用情形，具体内容详见公司于2024年8月29日披露的《关于公司控股股东资金占用的专项报告》。截至目前，控股股东对公司资,关于公司股票被叠加实施其他风险警示的公告,False,False,合规/治理类
300068,2026-05-06,③ 亏了也戴帽,1687,触及《,内控被否 / 重大缺陷,见或者否定意见的审计报告，或者未按照规定披露财务报告内部控制审计报告”的情形。公司股票自2026年4月30日起被深圳证券交易所实施其他风险警示，公司股票简称由“南都电源”变更为,关于公司及子公司银行账户被冻结暨股票交易叠加实施其他风险警示的公告,False,False,合规/治理类
300091,2025-12-31,③ 亏了也戴帽,1685,的主要原因,重整 / 破产,56号《民事裁定书》，南通中院裁定受理申请人对公司的重整申请。根据《上市规则》第10.4.1条的规定，“上市公司出现下列情形之一的，本所对其股票交易实施退市风险警示：……（九）,关于公司股票被实施退市风险警示暨停牌的公告,False,False,重整/破产
300093,2025-04-29,③ 亏了也戴帽,2649,触及《,审计意见：无法表示 / 否定,"计师事务所（特殊普通合伙）对公司2024年度财务报表出具了无法表示意见的审计报告,触及《上市规则》第10.3.1条第（三）项规定：“最近一个会计年度的财务会计报告被出具无法表示",关于公司股票被实施退市风险警示、其他风险警示暨股票停复牌的公告,False,False,财务类
300125,2024-08-19,③ 亏了也戴帽,1957,触及《,规范运作类其他,司、格尔木神光新能源有限公司在未履行董事会审议程序及信息披露义务的情况下，违规为中财招商投资集团商业保理有限公司与金寨嘉悦正丰新能源有限公司的借款合同提供担保，涉及担保金额16,关于公司股票叠加实施其他风险警示事项的公告,False,False,合规/治理类
300152,2025-04-29,③ 亏了也戴帽,2104,实施其他风险警示的原因,内控被否 / 重大缺陷,了否定意见的《雄安新动力科技股份有限公司2024年度内部控制审计报告》。根据现行《深圳证券交易所创业板股票上市规则》第9.4条第（四）项规定，公司出现“（四）最近一个会计年度财,关于公司股票交易被实施其他风险警示、可能被实施退市风险警示暨股票停复牌的公告,False,False,合规/治理类
300159,2025-03-19,③ 亏了也戴帽,2286,,财务类：收入或净资产指标,"项规定，若上市公司出现“最近一个会计年度经审计的期末净资产为负值”的情形，其股票交易将被实施退市风险警示。公司披露的2024年度经审计的期末净资产为-271,222,109.3",关于公司股票交易将被实施退市风险警示暨股票停牌一天的公告,False,False,财务类
300167,2023-04-27,③ 亏了也戴帽,1526,实施其他风险警示的原因,未归类,实施其他风险警示的原因公司最近三个会计年度扣除非经常性损益前后净利润孰低者均为负值，且深圳永信瑞和会计师事务所(特殊普通合伙)对公司2022年度财务报表出具了带,关于公司股票交易将被实施其他风险警示暨股票停牌的公告,False,False,未归类
300209,2024-09-30,③ 亏了也戴帽,1551,,重整 / 破产,4）湘01破61号），长沙中院裁定受理申请人对公司的重整申请，并指定公司预重整阶段的临时管理人有棵树科技股份有限公司清算组担任公司管理人。2、公司2023年末经审计的归属于上市,关于公司股票交易被叠加实施退市风险警示的公告,False,False,重整/破产
300211,2025-04-30,③ 亏了也戴帽,2838,实施退市风险警示的原因,财务类：净利润为负 / 连亏,的投资；由于新业务处于发展初期，导致公司2024年度净利润为负且扣除后的营业收入低于1亿元。随着新业务进入释放期，预计未来公司的主营业务将会不断向好，持续经营能力不会存在重大风,关于公司股票交易将被实施退市风险警示暨股票停牌的公告,False,False,财务类
300237,2025-09-27,③ 亏了也戴帽,2059,实施其他风险警示的原因,信息披露违法 / 立案 / 处罚,实施其他风险警示的原因根据山东证监局下发的《行政处罚事先告知书》（﹝2025﹞9号）认定的情况，公司披露的2014年至2018年年度报告存在虚假记载，具体内容详见本公司,关于公司股票被实施其他风险警示暨停复牌的公告,False,False,合规/治理类
300245,2026-04-28,③ 亏了也戴帽,1610,实施其他风险警示的原因,资金占用（非经营性）,，控制风险，促进公司健康发展。2、针对关联方非经营性资金占用的,关于公司股票被实施其他风险警示暨股票停牌的公告,False,False,合规/治理类
300268,2023-04-07,③ 亏了也戴帽,2575,实施退市风险警示的原因,财务类：收入或净资产指标,第一款第（二）项规定：“最近一个会计年度经审计的期末净资产为负值，或追溯重述后最近一个会计年度期末净资产为负值”，公司股票交易将被实施退市风险警示。2．公司最近三个会计年度扣除,关于公司股票交易将被实施退市风险警示及其他风险警示暨股票停牌的公告,False,False,财务类
300295,2026-04-23,③ 亏了也戴帽,2134,实施退市风险警示的原因,财务类：收入或净资产指标,扣除非经常性损益后的净利润三者孰低为负值，且扣除后的营业收入低于1亿元的情形，深圳证券交易所对公司股票交易实施退市风险警示。二、股票的种类、简称、证券代码、被实施退市风险警示的,关于公司股票交易被实施退市风险警示暨停牌的公告,False,False,财务类
300301,2025-01-10,③ 亏了也戴帽,2159,实施其他风险警示的原因,信息披露违法 / 立案 / 处罚,整，没有虚假记载、误导性陈述或重大遗漏。管局出具的《行政处罚事先告知书》[2025]1号。根据《行政处罚事先告知书》认定的情况，公司控股子公司长方集团康铭盛（深圳）科技有限公司,关于公司股票被叠加实施其他风险警示的公告,False,False,合规/治理类
300326,2025-04-30,③ 亏了也戴帽,1630,实施其他风险警示的原因,内控被否 / 重大缺陷,见或者否定意见的审计报告，或者未按照规定披露财务报告内部控制审计报告”，公司的股票将被实施其他风险警示（ST）。三、董事会关于争取撤销其他风险警示的意见及具体措施针对上述内部控,上海凯利泰医疗科技股份有限公司关于公司股票被实施其他风险警示暨停复牌的公告(3),False,False,合规/治理类
300430,2026-04-30,③ 亏了也戴帽,1412,实施其他风险警示的原因,内控被否 / 重大缺陷,信永中和会计师事务所（特殊普通合伙）出具了否定意见的内部控制审计报告。根据《深圳证券交易所创业板股票上市规则》第9.4条第（四）项规定，上市公司出现“最近一个会计年度财务报告内,关于公司股票交易被实施退市风险警示叠加其他风险警示暨停牌的公告,False,False,合规/治理类
300460,2025-12-10,③ 亏了也戴帽,1939,实施其他风险警示的原因,信息披露违法 / 立案 / 处罚,实施其他风险警示的原因根据广东证监局下发的《行政处罚事先告知书》(广东证监处罚字[2025]22号)认定的情况，公司披露的2021年、2022年年度报告存在虚假记载，具,关于公司股票被实施其他风险警示暨停复牌的公告,False,False,合规/治理类
300462,2025-07-05,③ 亏了也戴帽,2122,实施其他风险警示的原因,信息披露违法 / 立案 / 处罚,的原因公司于2025年7月4日收到上海证监局下发的《行政处罚事先告知书》（沪证监罚字〔2025〕11号），根据《行政处罚事先告知书》认定的情况，公司披露的2020年、2021年,关于公司股票被实施其他风险警示暨停复牌的公告,False,False,合规/治理类
300477,2026-04-27,③ 亏了也戴帽,1646,,审计意见：无法表示 / 否定,计师事务所（特殊普通合伙）（以下简称“中兴财光华”）出具了否定意见的审计报告。,关于公司股票交易被叠加实施其他风险警示的公告,False,False,财务类
300506,2024-04-26,③ 亏了也戴帽,2364,的主要原因,财务类：净利润为负 / 连亏,第一项的规定，上市公司出现“最近一个会计年度经审计的净利润为负值且营业收入低于1亿元，或追溯重述后最近一个会计年度净利润为负值且营业收入低于1亿元”的情形，公司股票交易将被实施,关于公司股票交易将被实施退市风险警示及其他风险警示暨股票停牌一天的公告,False,False,财务类
300716,2025-05-23,③ 亏了也戴帽,2577,,违规担保,23日，公司控股子公司安徽泉为绿能新能源科技有限公司违规担保事项涉及的诉讼处于等待二审开庭前阶段，目前担保余额1001.26万元，占公司最近一期经审计净资产绝对值5%以上。根据,关于公司股票被叠加实施其他风险警示的公告,False,False,合规/治理类
300899,2025-04-29,③ 亏了也戴帽,2177,实施退市风险警示的原因,财务类：收入或净资产指标,扣除非经常性损益后的净利润三者孰低为负值，且扣除后的营业收入低于1亿元”的情形，深圳证券交易所对公司股票交易实施退市风险警示。三、公司董事会关于争取撤销退市风险警示的意见及具体,关于公司股票交易被实施退市风险警示暨停复牌的公告,False,False,财务类
301030,2026-04-30,③ 亏了也戴帽,2267,触及《,内控被否 / 重大缺陷,实施退市风险警示。因公司被出具否定意见的2025年度内部控制审计报告，根据《股票上市规则》相关规定，深圳证券交易所对其股票交易实施其他风险警示。三、公司董事会关于争取撤销退市风,关于公司股票交易被实施退市风险警示暨停牌一天的公告,False,False,合规/治理类
301288,2025-04-29,③ 亏了也戴帽,3756,实施退市风险警示的原因,财务类：收入或净资产指标,扣除非经常性损益后的净利润三者孰低为负值，且扣除后的营业收入低于1亿元”公司股票交易将被深圳证券交易所实施退市风险警示的情形。三、董事会关于争取撤销退市风险警示的意见及具体措施,关于公司股票交易将被实施退市风险警示暨股票停牌一天的公告,False,False,财务类
600053,2026-04-29,③ 亏了也戴帽,1925,,财务类：收入或净资产指标,除与主营业务无关的业务收入和不具备商业实质的收入后的营业收入低于3亿元，根据《上海证券交易所股票上市规则》（以下简称“《股票上市规则》”）的有关规定，上海证券交易所将对公司股票,九鼎投资关于公司股票被实施退市风险警示暨停牌的公告,False,False,财务类
600107,2025-04-30,③ 亏了也戴帽,1837,,内控被否 / 重大缺陷,订）》9.8.1条第（三）项的规定，公司2024年度内部控制审计报告被出具否定意见的审计报告，公司股票触及其他风险警示情形。本公司的相关证券停复牌情况如下：证券代码证券简称停复,关于实施其他风险警示暨停牌的公告,False,False,合规/治理类
600117,2023-04-29,③ 亏了也戴帽,1855,,财务类：收入或净资产指标,风险警示（ST）。2.公司2022年年度经审计的期末净资产为负值。对照《上海证券交易所股票上市规则》第9.3.2条第二款：“最近一个会计年度经审计的期末净资产为负值，或追溯重述,西宁特殊钢股份有限公司关于公司股票被实施退市风险警示叠加其他风险警示暨临时停牌的公告,False,False,财务类
600136,2023-06-06,③ 亏了也戴帽,6572,,违规担保,起被实施退市风险警示。同时，由于公司还存在持续经营、违规担保以及内部控制被出具否定意见的审计报告等问题，因此根据《上市规则》第9.8.1条的相关规定，公司股票被继续实施其他风险,武汉当代明诚文化体育集团股份有限公司关于法院裁定受理公司重整暨公司股票将被叠加实施退市风险警示的公告,False,False,合规/治理类
600165,2024-04-03,③ 亏了也戴帽,1583,,未归类,1证券代码：600165证券简称：宁科生物公告编号：2024-021宁夏中科生物科技股份有限公司关于实施其他风险警示暨停牌的公告本公司董事会及全体董事保证本公告,宁科生物关于实施其他风险警示暨停牌的公告,False,False,未归类
600302,2026-04-30,③ 亏了也戴帽,1743,,内控被否 / 重大缺陷,示意见或否定意见的审计报告，或未按照规定披露财务报告内部控制审计报告，上海证券交易所对其股票实施其他风险警示。公司2025年度内部控制被出具否定意见的审计报告，公司股票触及其他,标准股份关于实施其他风险警示暨停牌的公告,False,False,合规/治理类
600337,2026-04-30,③ 亏了也戴帽,1760,,未归类,证券代码：600337证券简称：美克家居公告编号：临2026-039美克国际家居用品股份有限公司关于实施其他风险警示的公告本公司董事会及全体董事保证本公告内容不,美克国际家居用品股份有限公司关于实施其他风险警示的公告,False,False,未归类
600340,2026-04-30,③ 亏了也戴帽,2887,,财务类：净利润为负 / 连亏,2025年末归属于上市公司股东的净资产为负值，近三年连续亏损且中瑞诚对公司2025年度财务报告出具了包含与持续经营相关的重大不确定性段落的审计报告。根据《上海证券交易所股票上市,华夏幸福关于公司股票被实施退市风险警示及叠加其他风险警示暨停牌的公告,False,False,财务类
600370,2026-04-29,③ 亏了也戴帽,2405,,内控被否 / 重大缺陷,北京德皓国际对公司2025年内部控制出具了否定意见的内部控制审计报告，根据《上海证券交易所股票上市规则》第9.8.1条第（三）项规定，公司股票将被实施其他风险警示。本公司的相关,江苏三房巷聚材股份有限公司关于实施退市风险警示及叠加其他风险警示暨停牌的公告,False,False,合规/治理类
600439,2026-07-31,③ 亏了也戴帽,1855,,信息披露违法 / 立案 / 处罚,月30日收到中国证券监督管理委员会河南监管局下发的《行政处罚事先告知书》（〔2026〕2号）（以下简称《事先告知书》），依据《事先告知书》载明的内容，根据《上海证券交易所股票上,关于实施其他风险警示暨停牌的公告,False,False,合规/治理类
600476,2026-04-28,③ 亏了也戴帽,1958,触及《,财务类：收入或净资产指标,455.79万元。因公司最近一个会计年度经审计的期末净资产为负值，或追溯重述后最近一个会计年度期末净资产为负值，触及《上海证券交易所股票上市规则》（2026年4月修订）第9.3,湖南湘邮科技股份有限公司关于实施退市风险警示暨停牌的公告,False,False,财务类
600491,2026-04-30,③ 亏了也戴帽,1950,触及《,未归类,触及《上海证券交易所股票上市规则》（以下简称“《股票上市规则》”）第9.8.1条第（六）项“最近连续3个会计年度扣除非经常性损益前后净利润孰低者均为负值，且最近,龙元建设关于实施其他风险警示暨股票停牌的公告,False,False,未归类
600537,2026-04-28,③ 亏了也戴帽,2252,触及《,财务类：收入或净资产指标,936.26万元。因公司最近一个会计年度经审计的期末净资产为负值，或追溯重述后最近一个会计年度期末净资产为负值，触及《上海证券交易所股票上市规则》第9.3.2条第一款第（二）项,亿晶光电科技股份有限公司关于股票被实施退市风险警示暨停牌的公告,False,False,财务类
600543,2023-04-28,③ 亏了也戴帽,2159,触及《,财务类：净利润为负 / 连亏,.3.2条第一款第（一）项“最近一个会计年度经审计的净利润为负值且营业收入低于人民币1亿元，或追溯重述后最近一个会计年度净利润为负值且营业收入低于人民币1亿元”规定的对公司股票,莫高股份关于公司股票被实施退市风险警示暨停牌的公告,False,False,财务类
600589,2023-04-26,③ 亏了也戴帽,2355,触及《,资金占用（非经营性）,险警示。2022年6月27日，公司控股股东及其关联方非经营性占用资金已全部归还完毕。公司股票触及《上海证券交易所股票上市规则（2022年1月修订）》第9.8.1条第一项情形已消,关于公司股票被实施退市风险警示暨停牌的公告,False,False,合规/治理类
600624,2025-09-20,③ 亏了也戴帽,2848,,信息披露违法 / 立案 / 处罚,月19日收到中国证券监督管理委员会上海监管局下发的《行政处罚事先告知书》（以下简称“《事先告知书》”）。依据《事先告知书》载明的内容，根据《上海证券交易所股票上市规则》相关规定,上海复旦复华科技股份有限公司关于实施其他风险警示暨停牌的公告,False,False,合规/治理类
600730,2026-04-25,③ 亏了也戴帽,1701,,财务类：收入或净资产指标,除与主营业务无关的业务收入和不具备商业实质的收入后的营业收入低于3亿元，根据《上海证券交易所股票上市规则》（简称“《上市规则》”）的有关规定，上海证券交易所将对公司股票交易实行,中国高科关于公司股票被实施退市风险警示暨停牌的公告,False,False,财务类
600735,2025-09-27,③ 亏了也戴帽,2122,,资金占用（非经营性）,新华锦国际股份有限公司（以下简称“公司”）存在关联方非经营性占用资金且未在1个月内完成清偿和整改，根据《上海证券交易所股票上市规则（2025年4月修订）》相关规定，公司股票将被,新华锦关于实施其他风险警示暨股票停牌的公告,False,False,合规/治理类
600745,2026-04-30,③ 亏了也戴帽,2498,触及《,内控被否 / 重大缺陷,公司2025年度财务报告内部控制出具了无法表示意见的内部控制审计报告，根据《上海证券交易所股票上市规则》第9.8.1条第（三）项规定，公司股票将被叠加其他风险警示。根据《上海证,关于公司股票被实施退市风险警示并叠加其他风险警示暨停牌的公告,False,False,合规/治理类
600753,2025-04-26,③ 亏了也戴帽,3025,触及《,财务类：收入或净资产指标,、净利润或者扣除非经常性损益后的净利润孰低者为负值且营业收入低于3亿元，或追溯重述后最近一个会计年度利润总额、净利润或者扣除非经常性损益后的净利润孰低者为负值且营业收入低于3亿,庚星股份关于实施退市风险警示及其他风险警示暨停牌的公告,False,False,财务类
600818,2026-04-28,③ 亏了也戴帽,1770,,审计意见：无法表示 / 否定,简称“中兴华所”）对公司2025年度财务报告内部控制出具了否定意见的审计报告，根据《上海证券交易所股票上市规则》9.8.1条第（三）项的规定，公司股票触及其他风险警示情形。本公,关于股票被实施其他风险警示暨停牌的公告,False,False,财务类
600831,2024-07-06,③ 亏了也戴帽,2632,,信息披露违法 / 立案 / 处罚,7月5日收到中国证券监督管理委员会陕西监管局下发的《行政处罚事先告知书》（简称《事先告知书》）。依据《事先告知书》载明的内容，公司披露的2022年年度报告存在虚假记载。根据《上,关于实施其他风险警示暨停牌的公告,False,False,合规/治理类
600889,2026-04-23,③ 亏了也戴帽,2719,,财务类：收入或净资产指标,、净利润或者扣除非经常性损益后的净利润孰低者为负值且营业收入低于3亿元，或追溯重述后最近一个会计年度利润总额、净利润或者扣除非经常性损益后的净利润孰低者为负值且营业收入低于3亿,关于公司股票被实施退市风险警示暨停牌的公告（2026-032）,False,False,财务类
601718,2026-04-30,③ 亏了也戴帽,1869,触及《,信息披露违法 / 立案 / 处罚,，本所对其股票实施其他风险警示：(七)根据中国证监会行政处罚事先告知书载明的事实，公司披露的年度报告财务指标存在虚假记载，但未触及本规则第9.5.2条第一款规定情形，前述财务指,际华集团关于实施其他风险警示暨停牌的公告,False,False,合规/治理类
603001,2023-04-26,③ 亏了也戴帽,924,,内控被否 / 重大缺陷,事务所（特殊普通合伙）出具了否定意见的《2022年度内部控制审计报告》。根据《上海证券交易所股票上市规则》第9.8.1条第（三）项规定，公司股票将被实施其他风险警示。第三节实施,奥康国际关于公司股票实施其他风险警示暨临时停牌的公告,False,False,合规/治理类
603007,2024-04-30,③ 亏了也戴帽,2219,实施其他风险警示的原因,资金占用（非经营性）,被控股股东（无控股股东的，则为第一大股东）及其关联人非经营性占用资金，余额达到最近一期经审计净资产绝对值5%以上，或金额超过1000万元，未能在1个月内完成清偿或整改”的规定；,关于公司股票叠加实施其他风险警示的公告,False,False,合规/治理类
603021,2025-04-22,③ 亏了也戴帽,2142,,未归类,1/3证券代码：603021证券简称：山东华鹏公告编号：临2025-015山东华鹏玻璃股份有限公司关于实施其他风险警示暨停牌的公告本公司董事会及全体董事保证本公,山东华鹏关于实施其他风险警示暨停牌的公告,False,False,未归类
603023,2024-04-30,③ 亏了也戴帽,2099,,财务类：净利润为负 / 连亏,.3.2条第一款第（一）项“最近一个会计年度经审计的净利润为负值且营业收入低于人民币1亿元，或追溯重述后最近一个会计年度净利润为负值且营业收入低于人民币1亿元”规定，公司股票将,哈尔滨威帝电子股份有限公司关于公司股票被实施退市风险警示暨停牌的公告,False,False,财务类
603030,2023-04-29,③ 亏了也戴帽,2608,触及《,审计意见：无法表示 / 否定,计师事务所（特殊普通合伙）对公司2022年度内部控制出具了无法表示意见的审计报告。该事项触及《股票上市规则》第9.8.1条第一款（三）项规定的对股票实施其他风险警示的情形。根据,关于公司股票实施退市风险警示叠加其他风险警示暨停牌的公告.docx,False,False,财务类
603117,2023-05-19,③ 亏了也戴帽,1842,实施其他风险警示的原因,资金占用（非经营性）,"要求返还垫付货款30,994.30万元（暂定）并支付资金占用利息1000万（暂定）。截止2022年12月31日公司万林物流及其子公司江苏万林木材产业",江苏万林现代物流股份有限公司关于股票交易被实施其他风险警示相关事项的公告,False,False,合规/治理类
603261,2025-04-26,③ 亏了也戴帽,1701,,财务类：收入或净资产指标,"除与主营业务无关的业务收入和不具备商业实质的收入后的营业收入低于3亿元,本公司的相关证券停复牌情况如下：证券代码证券简称停复牌类型停牌起始日停牌期间停牌终止日复牌日603261",成都立航科技股份有限公司关于公司股票被实施退市风险警示暨停牌的公告,False,False,财务类
603359,2026-04-29,③ 亏了也戴帽,3418,,审计意见：无法表示 / 否定,1条第（三）项最近一个会计年度财务报告内部控制被出具否定意见的审计报告；《股票上市规则》第9.8.1条第（六）项最近连续3个会计年度扣除非经常性损益前后净利润孰低者均为负值，且,东珠生态环保股份有限公司关于公司股票被实施退市风险警示及叠加其他风险警示暨停牌的公告,False,False,财务类
603363,2024-04-30,③ 亏了也戴帽,2716,触及《,财务类：净利润为负 / 连亏,定的情形，公司股票将被实施退市风险警示。因公司近三年连续亏损且容诚会计师事务所对公司2023年度财务报告出具了对持续经营能力带强调事项段的无保留意见审计报告，触及《上海证券交易,2024110福建傲农生物科技集团股份有限公司关于公司股票被实施退市风险警示及其他风险警示暨停牌的公告.docx,False,False,财务类
603377,2024-04-30,③ 亏了也戴帽,2735,,内控被否 / 重大缺陷,务报告内部控制的有效性进行审计，并出具了否定意见的《内部控制审计报告》。根据《上海证券交易所股票上市规则》第9.8.1条等相关规定，公司股票将被实施其他风险警示，公司的相关证券,关于实施其他风险警示暨停牌的公告,False,False,合规/治理类
603378,2026-04-30,③ 亏了也戴帽,2002,触及《,财务类：收入或净资产指标,491.49万元。因公司最近一个会计年度经审计的期末净资产为负值，或追溯重述后最近一个会计年度期末净资产为负值，触及《上海证券交易所股票上市规则》（2026年4月修订）第9.3,亚士创能关于实施退市风险警示暨停牌的公告,False,False,财务类
603398,2025-04-30,③ 亏了也戴帽,1696,触及《,内控被否 / 重大缺陷,“大华事务所”）对公司出具了否定意见的《2024年度内部控制审计报告》，根据《上海证券交易所股票上市规则》第9.8.1条第（三）项规定，公司股票将被实施其他风险警示。第三节实施,江西沐邦高科股份有限公司关于实施退市风险警示及叠加其他风险警示暨停牌的公告,False,False,合规/治理类
603429,2026-03-21,③ 亏了也戴帽,2457,,财务类：收入或净资产指标,、净利润或者扣除非经常性损益后的净利润孰低者为负值且营业收入低于3亿元，或追溯重述后最近一个会计年度利润总额、净利润或者扣除非经常性损益后的净利润孰低者为负值且营业收入低于3亿,集友股份关于公司股票被实施退市风险警示暨停牌的公告,False,False,财务类
603557,2024-04-27,③ 亏了也戴帽,2659,,资金占用（非经营性）,进展情况及解决措施1、截至2021年4月29日，公司资金占用本息已全部收回，违规担保已全部解除。,ST起步：关于股票被叠加实施其他风险警示的公告,False,False,合规/治理类
603559,2023-10-12,③ 亏了也戴帽,1906,,账户 / 资产被冻结,"月12日二、叠加实施其他风险警示的情形1、银行账户被冻结基本情况经核实，截至本公告披露日，公司被冻结的银行账户累计为25户，合计被冻结金额约为人民币3,614.69万元，占公司",中通国脉通信股份有限公司关于公司股票被叠加实施其他风险警示的公告,False,False,合规/治理类
603718,2026-04-30,③ 亏了也戴帽,2344,,财务类：收入或净资产指标,、净利润或者扣除非经常性损益后的净利润孰低者为负值且营业收入低于3亿元，或追溯重述后最近一个会计年度利润总额、净利润或者扣除非经常性损益后的净利润孰低者为负值且营业收入低于3亿,海利生物关于实施退市风险警示暨停牌的公告,False,False,财务类
603721,2025-04-30,③ 亏了也戴帽,2055,,财务类：收入或净资产指标,"除与主营业务无关的业务收入和不具备商业实质的收入后的营业收入低于3亿元。公司股票将被实施退市风险警示,本公司的相关证券停复牌情况如下：证券代码证券简称停复牌类型停牌起始日停牌期",中广天择关于公司股票被实施退市风险警示暨停牌的公告,False,False,财务类
603789,2025-04-30,③ 亏了也戴帽,1802,触及《,财务类：收入或净资产指标,除与主营业务无关的业务收入和不具备商业实质的收入后的营业收入低于3亿元，触及《上海证券交易所股票上市规则》第9.3.2条第一款第（一）项规定的情形，公司股票将被实施退市风险警示,星光农机关于实施退市风险警示暨停牌的公告,False,False,财务类
603813,2025-04-29,③ 亏了也戴帽,2124,触及《,财务类：收入或净资产指标,除与主营业务无关的业务收入和不具备商业实质的收入后的营业收入低于3亿元，触及《上海证券交易所股票上市规则》第9.3.2条第一款第（,原尚股份关于公司股票被实施退市风险警示暨停牌的公告,False,False,财务类
603822,2025-12-10,③ 亏了也戴帽,2010,,信息披露违法 / 立案 / 处罚,2月9日收到中国证券监督管理委员会浙江监管局下发的《行政处罚事先告知书》（浙处罚字[2025]24号），依据《行政处罚事先告知书》载明的内容，根据《上海证券交易所股票上市规则（,关于实施其他风险警示暨停牌的公告,False,False,合规/治理类
603825,2025-08-23,③ 亏了也戴帽,0,,（正文没抓到）,,华扬联众数字技术股份有限公司关于实施其他风险警示暨停牌的公告,False,False,未归类
603828,2024-04-30,③ 亏了也戴帽,1499,触及《,内控被否 / 重大缺陷,"出具无法表示意见或否定意见审计报告，或未按照规定披露内部控制审计报告”的情形。公司股票自2024年4月30日开市起停牌1天，将于2024年5月6日开市起复牌,本公司的相关证券停",柯利达关于实施其他风险警示公告暨停牌的公告,False,False,合规/治理类
603838,2025-04-29,③ 亏了也戴帽,2094,,财务类：收入或净资产指标,"除与主营业务无关的业务收入和不具备商业实质的收入后的营业收入低于3亿元,本公司的相关证券停复牌情况如下：证券代码证券简称停复牌类型停牌起始日停牌期间停牌终止日复牌日603838",四通股份关于实施退市风险警示暨停牌的公告,False,False,财务类
603843,2025-04-30,③ 亏了也戴帽,2395,触及《,违规担保,11000135号），公司存在余额超过1000万元的违规担保且预计1个月内无法完成清偿或整改，以及公司连续三年亏损且2024年度《审计报告》显示公司持续经营能力存在不确定性，触,正平股份关于公司股票被实施退市风险警示及其他风险警示暨停牌的公告,False,False,合规/治理类
603869,2024-04-30,③ 亏了也戴帽,2045,,内控被否 / 重大缺陷,"：适用因2023年度毕马威华振为公司出具了否定意见的内部控制审计报告，公司股票将被实施其他风险警示,本公司的相关证券停复牌情况如下：证券代码证券简称停复牌类型停牌起始日停牌期间",新智认知数字科技股份有限公司关于实施其他风险警示公告,False,False,合规/治理类
603879,2024-04-30,③ 亏了也戴帽,2011,触及《,内控被否 / 重大缺陷,"出具无法表示意见或否定意见审计报告，或未按照规定披露内部控制审计报告”的情形。公司股票自2024年4月30日开市起停牌1天，将于2024年5月6日开市起复牌,本公司的相关证券停",永悦科技关于股票被实施其他风险警示暨股票停牌的公告,False,False,合规/治理类
603922,2026-04-29,③ 亏了也戴帽,2045,触及《,内控被否 / 重大缺陷,"示意见或否定意见的审计报告，或未按照规定披露财务报告内部控制审计报告”的情形，公司股票自2026年4月29日开始起停牌1天，将于2026年4月30日开始起复牌,本公司的相关证券",金鸿顺关于实施其他风险警示的公告,False,False,合规/治理类
603959,2024-04-30,③ 亏了也戴帽,1727,触及《,内控被否 / 重大缺陷,计机构，对公司2023年度内部控制出具了否定意见的《内部控制审计报告》（大华内字[2024]0011000190号）。根据《上海证券交易所股票上市规则》第9.8.1条的相关规定,百利科技关于实施其他风险警示暨停牌的公告,False,False,合规/治理类
605199,2025-04-29,③ 亏了也戴帽,1467,,内控被否 / 重大缺陷,"示意见或否定意见的审计报告，或未按照规定披露财务报告内部控制审计报告”，海南葫芦娃药业集团股份有限公司（以下简称“公司”）股票交易触及其他风险警示情形,本公司的相关证券停复牌情",海南葫芦娃药业集团股份有限公司关于实施其他风险警示暨停牌的公告,False,False,合规/治理类
605336,2026-04-22,③ 亏了也戴帽,2157,触及《,财务类：收入或净资产指标,、净利润或者扣除非经常性损益后的净利润孰低者为负值且营业收入低于3亿元，或追溯重述后最近一个会计年度利润总额、净利润或,浙江帅丰电器股份有限公司关于实施退市风险警示暨停牌的公告,False,False,财务类
688033,2026-04-30,③ 亏了也戴帽,2676,触及《,审计意见：无法表示 / 否定,、实施退市风险警示公司2025年度财务报告被中审众环出具了无法表示意见的审计报告。具体内容详见公司于2026年4月30日在上海证券交易所网站披露的《北京天宜上佳高新材料股份有限,关于公司股票被实施退市风险警示及叠加其他风险警示暨停牌的公告,False,False,财务类
688053,2025-09-20,③ 亏了也戴帽,2404,,信息披露违法 / 立案 / 处罚,"理委员会（以下简称“中国证监会”）四川监管局下发的《行政处罚事先告知书》（川证监处罚字【2025】6号）(以下简称“《事先告知书》”）。依据《事先告知书》载明的内容,根据《上海",成都思科瑞微电子股份有限公司关于实施其他风险警示暨停牌的公告,False,False,合规/治理类
688066,2026-04-30,③ 亏了也戴帽,3996,,审计意见：无法表示 / 否定,称“深圳久安”）对公司2025年度的财务会计报告出具无法表示意见的审计报告，根据《上海证券交易所科创板股票上市规则》第12.4.2条的规定，公司股票将被实施退市风险警示；同时，,关于实施退市风险警示及叠加其他风险警示暨停牌的公告,False,False,财务类
688184,2025-07-26,③ 亏了也戴帽,1940,,资金占用（非经营性）,"施其他风险警示。根据公司实际控制人之一张宝出具的《资金占用情况说明》，公司实际控制人之一张宝通过供应商占用公司资金14,142.00万元，占用销售货款4,991.88万元，合",浙江帕瓦新能源股份有限公司关于公司股票被叠加实施其他风险警示的公告,False,False,合规/治理类
688189,2026-06-10,③ 亏了也戴帽,2600,触及《,规范运作类其他,将严格按照相关法律法规的要求，及时履行后续进展情况的信息披露义务。公司指定信息披露媒体为上海证券交易所网站（www.sse.com.cn）和《上海证券报》《中国证券报》《证券日,关于实施其他风险警示暨停牌的公告,False,False,合规/治理类
688201,2026-04-28,③ 亏了也戴帽,2569,触及《,审计意见：无法表示 / 否定,5年度内部控制的审计机构，对公司2025年度内部控制出具了否定意见内部控制,关于实施其他风险警示暨股票停牌的公告,False,False,财务类
688282,2024-04-30,③ 亏了也戴帽,2880,,财务类：净利润为负 / 连亏,近一个会计年度经审计的扣除非经常性损益之前或者之后的净利润为负值且营业收入低于1亿元，或者追溯重述后最近一个,北京理工导航控制科技股份有限公司关于股票实施退市风险警示暨停牌的公告,False,False,财务类
688496,2026-04-29,③ 亏了也戴帽,3054,触及《,审计意见：无法表示 / 否定,5年度内部控制的审计机构，对公司2025年度内部控制出具了否定意见,清越科技关于实施其他风险警示暨股票停牌的公告,False,False,财务类
688500,2023-04-29,③ 亏了也戴帽,1582,,审计意见：无法表示 / 否定,”）2022年度财务报告审计机构，对公司2022年度出具了无法表示意见的财务报表审计报告。根据《上海证券交易所科创板股票上市规则》第12.4.2条第一款第（三）项“最近一个会计,关于实施退市风险警示公告,False,False,财务类
688511,2025-04-30,③ 亏了也戴帽,3419,,财务类：收入或净资产指标,除与主营业务无关的业务收入和不具备商业实质的收入后的营业收入低于1亿元，根据《上海证券交易所科创板股票上市规则》第12.4.2条第一款第（一）项“最近一个会计年度经审计的利润总,关于实施退市风险警示暨停牌的公告,False,False,财务类
688622,2026-04-29,③ 亏了也戴帽,3287,,财务类：收入或净资产指标,除与主营业务无关的业务收入和不具备商业实质的收入后的营业收入低于1亿元，根据《上海证券交易所科创板股票上市规则》第12.4.2条第一款第（一）项“最近一个会计年度经审计的利润总,关于实施退市风险警示暨停牌的公告,False,False,财务类
