code,date,prev,after,段_前,段_后,勾选,方向,翻面
000004,2022-04-28,,,"10,000 万元 - 14,800 万元","10,000 万元 - 14,800 万元",,,
000007,2026-04-22,335.0,,270 万元至400 万元,,,,
000010,2018-02-10,-12850.0,,"12,000 万元 ～ 13,700 万元",,,,
000010,2018-04-14,,,,,,,
000010,2023-04-22,,,,,,,
000017,2021-04-15,,,700 万元–1050 万元,700 万元–1050 万元,,,
000038,2019-04-16,-84000.0,,"69,000 万元至99,000 万元",,亏损,,
000043,2018-03-09,47500.0,32680.455,"44,000 万元～51,000 万元","30,500.00 万元～34,860.91 万元",同向上升,坏→更坏,0.0
000048,2019-04-12,19000.0,,"16,000 万元–22,000 万",,,,
000058,2019-04-16,8280.0,,"7,200 万元至9,360 万元",,同向下降,,
000066,2023-03-31,28500.0,,"24,000 万元—33,000 万元",,,,
000068,2017-01-24,-3821.0,,"-4,321 万元至-3,321 万元",,同向下降,,
000068,2023-04-29,,,,,,,
000150,2023-04-20,33500.0,,"27,000万元—40,000万元",,,,
000151,2021-02-06,-24000.0,77000.0,21000 万元-27000 万,72000 万元–82000 万元,,好→更好,1.0
000403,2022-04-16,,44260.0,,"40,169 万元–48,351 万元",,,
000410,2018-01-29,,,,,,,
000428,2017-04-14,,-20500.0,,"21,500万元–19,500万元",,,
000502,2022-04-29,,,,,,,
000506,2018-04-14,,,,,,,
000506,2018-04-16,-18500.0,,16000 万元-21000 万元,,亏损,,
000509,2019-04-13,,-2250.0,,"2,000 万元–2,500 万元",,,
000523,2021-04-15,,,,,亏损,,
000523,2025-03-14,,,"8,000 万元—11,000 万","8,000 万元–11,000 万",,,
000525,2021-04-15,,,,,,,
000525,2024-04-27,-32000.0,,"28,000 万元—36,000 万元",,,,
000540,2022-04-29,,,,,,,
000545,2021-01-30,-4501.8,183000.0,3876.55 万元-5127.05 万元,181000 万元-185000 万元,亏损,好→更好,1.0
000546,2023-04-17,1550.0,,"1,300 万元–1,800 万元",,,,
000547,2023-04-15,11150.0,,"9,700 万元–12,600 万元",,,,
000558,2020-01-18,,8900.0,,"8,000 万元 - 9,800 万元",亏损,,
000558,2021-01-30,,-8000.0,,"7,000 万元–9,000 万元",,,
000571,2023-04-27,,,,,,,
000572,2021-04-23,,,,,,,
000585,2019-03-28,,,,,,,
000585,2022-03-30,,,,,,,
000587,2022-04-19,-150000.0,26600.0,"155,000 万元–145,000 万元","21,600 万元至31,600 万元",,好→更好,1.0
000592,2023-03-17,-10000.0,,"8,000.00 万元–12,000.00 万元",,,,
000595,2019-04-04,,-10000.0,,"9,000 万元至11,000 万元",,,
000603,2018-04-21,38000.0,,"35,000 万元—41,000 万元",,,,
000606,2021-04-15,,,,,亏损,,
000606,2023-04-29,7600.0,,"6,800 万元至8,400 万元",,,,
000608,2021-03-20,,,"5,000 万元—7,500 万元","5,000万元–7,500 万元",,,
000608,2025-03-22,-11250.0,,"9,000万元–13,500万元",,,,
000609,2021-04-28,,,,,,,
000611,2019-04-15,-4750.0,,-5000 万元至-4500 万元,,亏损,,
000611,2021-01-29,,,,,,,
000611,2021-01-30,,,,,亏损,,
000611,2021-04-24,,,,,亏损,,
000613,2022-04-26,6980.0,170.0,"6,960 万元–7,000 万元",150 万元-190 万元,,坏→更坏,0.0
000615,2022-04-27,-16500.0,,"14,000 万元-19,000 万元",,,,
000615,2023-04-15,-14050.0,,"11,300 万元-16,800 万元",,,,
000616,2023-03-02,,,6349.64 万元–9524.46 万元,6349.64 万元–9524.46 万元,同向下降,,
000616,2023-04-25,,,35044.54 万元–52566.81 万元,35044.54 万元–52566.81 万元,同向上升,,
000620,2023-04-19,-239000.0,,"236,500 万元—241,500 万元",,,,
000622,2024-04-30,,,1100 万元至1300 万元,1100 万元至1300 万元,,,
000626,2018-04-14,,,,,,,
000632,2026-04-25,,,,,,,
000637,2023-03-31,-3575.0,,"2,900万元—4,250万元",,,,
000639,2018-03-29,29000.0,33500.0,"28,000万元–30,000万元","32,500万元–34,500万元",扭亏为盈,好→更好,0.0
000662,2019-04-30,,,,,,,
000662,2020-06-30,,,,,,,
000668,2024-04-23,,,,,,,
000669,2026-04-28,1500.0,,"1,200 万元至1,800 万元",,,,
000670,2020-03-04,,-2300.0,,"-1,800 万元～-2,800 万元",,,
000672,2017-04-11,,,,,,,
000691,2023-04-18,,,,,,,
000695,2026-01-20,-8350.0,,"9,800 万元至6,900 万元",,,,
000697,2018-01-16,,,,,扭亏为盈,,
000697,2018-02-10,,,,,扭亏为盈,,
000697,2019-01-29,,,,,同向上升,,
000697,2020-02-03,,103500.0,,"90,000 万元-117,000 万元",亏损,,
000698,2017-01-26,33500.0,,"18,900万元—48,100万元",,,,
000698,2020-03-28,,,"45,000 万元—38,000 万元","45,000 万元—38,000 万元",亏损,,
000698,2023-04-21,,,,,,,
000716,2018-04-12,,15000.0,,"13,000 万元-17,000 万元",扭亏为盈,,
000717,2024-04-20,,,,,,,
000726,2021-02-05,,,,,,,
000731,2017-01-26,,,,,,,
000732,2022-04-23,11665.314999999999,,"10,143.75 万元–13,186.88 万元",,,,
000737,2021-02-01,,,,,,,
000737,2022-03-26,,,,,扭亏为盈,,
000755,2018-01-20,,,,,亏损,,
000755,2019-01-31,2000.0,,1400 万元-2600 万元,,,,
000760,2020-04-16,-8750.0,-750.0,"9500万元—8,000 万元",-9500 万元–8000 万元,扭亏为盈,好→更好,0.0
000760,2020-06-13,,,"700 万元—1,000 万元",700 万-1000 万元,亏损,,
000760,2021-07-06,,5500.0,,"5,000.00 万元–6,000.00 万",亏损,,
000786,2018-01-23,204937.005,,"175,660.29万元-234,213.72万元",,同向上升,,
000786,2021-01-13,258000.0,,"246,000.00万元-270,000.00万元",,同向上升,,
000809,2024-04-11,,,"8,770 万元–11,400 万元","8,770 万元–11,400 万元",,,
000813,2020-03-31,26250.0,,"21,000.00 万元–31,500.00 万元",,同向上升,,
000813,2022-04-23,,,,,,,
000816,2018-01-16,,-24000.0,,"21,000 万元— 27,000 万元",,,
000829,2017-01-25,,,,,,,
000830,2018-01-27,156000.0,,"150,000 万元至162,000 万元",,扭亏为盈,,
000835,2021-01-29,-17500.0,17500.0,"-19,000 万元至-16,000 万元","19,000 万元-16,000 万元",亏损,好→更好,1.0
000835,2022-03-17,-29250.0,-45000.0,"35,000 万元–23,500 万元","-46,000 万元–-44,000 万元",,坏→更坏,0.0
000839,2025-03-29,8625.0,,"7,500 万元–9,750 万元",,扭亏为盈,,
000851,2020-04-28,6350.0,,"5,100 万元至7,600 万元",,,,
000851,2024-04-30,-35000.0,,"40,000 万元至 30,000 万元",,,,
000851,2025-04-19,-152500.0,157500.0,"135,000 万元–170,000 万元","130,000 万元–185,000 万",,好→更好,1.0
000876,2023-03-31,,,,,,,
000877,2017-01-26,,,,,亏损,,
000882,2022-04-19,,,,,亏损,,
000892,2021-04-21,,,,,,,
000892,2022-04-28,,,,,,,
000903,2017-01-24,21250.0,,"19,500 万元–23,000 万",,扭亏为盈,,
000908,2020-01-17,-25000.0,,"20,000 万元至30,000 万元",,,,
000908,2022-04-26,,5400.0,,"3,600 万元至7,200 万元",,,
000908,2023-04-27,,,,,,,
000909,2023-04-20,-8250.0,,"7,000 万元-9,500 万元",,,,
000917,2018-04-14,3250.0,,"2,600 万元～ 3,900 万元",,,,
000918,2023-04-20,,,,,,,
000926,2018-03-17,,103138.0,,"90,064 万元—116,212 万元",扭亏为盈,,
000927,2020-03-31,-124000.0,-137500.0,-117000 万元至-131000 万元,125000 万元 — 150000 万元,,坏→更坏,0.0
000928,2018-03-10,55000.0,,"52,000 万元~58,000 万元",,,,
000931,2021-01-30,,,"3,000 万元至4,000 万元","3,000 万元至4,000 万元",同向上升,,
000931,2023-04-13,-6500.0,,"-6,000 万元至-7,000 万元",,,,
000936,2017-01-19,56201.16,,"54,056.08 万元—58,346.24 万元",,扭亏为盈,,
000952,2017-02-21,15000.0,,14500 万元至15500 万元,,,,
000961,2017-04-22,,,,,,,
000969,2022-01-12,,,,,同向上升,,
000971,2024-04-23,,,,,,,
000972,2021-03-17,14850.0,8995.0,"17,800 万元-11,900 万元","7,200 万元-10,790 万元",,坏→更坏,0.0
000976,2017-04-21,,,,,扭亏为盈,,
000979,2018-04-14,,,,,,,
000980,2020-06-19,-750000.0,,"600,000 万元-900,000 万元",,亏损,,
000981,2019-04-26,,,,,亏损,,
000981,2020-04-30,-540000.0,-695000.0,"485,000 万元—595,000 万元","670,000 万元–720,000 万元",,坏→更坏,0.0
000985,2017-01-17,,2550.0,,2400 万元–2700 万元,,,
000985,2019-01-12,-150.0,1050.0,900 万元--1200 万元,"9,00 万元—1,200 万元",,好→更好,1.0
000995,2023-04-29,,,,,,,
000996,2017-04-12,,1700.0,,1500 万元-1900 万元,,,
000998,2021-04-28,,,,,,,
001211,2026-04-24,1000.0,,"850 万元-1,150 万元",,,,
001298,2023-01-20,14819.84,,"14,429.69 万元至15,209.99 万元",,,,
002002,2022-04-02,,,,,,,
002003,2019-01-19,41924.285,30987.515,"36,455.90 万元-47,392.67 万元","29,164.72 万元–3,2810.31 万元",同向上升,坏→更坏,0.0
002005,2018-01-31,-12500.0,-85000.0,"-10,000 万元至-15,000 万元","-80,000 万元 — -90,000 万元",亏损,坏→更坏,0.0
002005,2019-01-30,2500.0,-45000.0,"0 万元至5,000 万元","-30,000 万元 — -60,000 万元",亏损,坏→更坏,1.0
002005,2020-04-15,10000.0,,"5,000 万元至15,000 万元",,亏损,,
002006,2018-01-31,4000.0,9250.0,"3,500 万元至4,500 万元","8,500 万元至10,000 万元",扭亏为盈,好→更好,0.0
002006,2019-01-31,,850.0,,"500 万元至1,200 万元",同向上升,,
002006,2020-01-17,,-11000.0,,"9,000 万元至13,000 万元",亏损,,
002008,2020-01-09,,67885.83,,"63,589.26万元～72,182.40万元",同向上升,,
002011,2019-01-28,7844.42,-210000.0,"6,460.11 万元至9,228.73 万元","-195,000 万元 ～ -225,000 万元",亏损,坏→更坏,1.0
002012,2017-01-24,-3000.0,482.505,"-4,000 万元至-2,000 万元",0 万元–965.01 万元,,好→更好,1.0
002016,2018-01-30,,91800.0,,"89,500 万元～94,100 万元",扭亏为盈,,
002018,2019-01-31,,-353000.0,,"364,000万元～342,000万元",同向上升,,
002021,2022-04-21,2500.0,,"2,000 万元至3,000 万元",,,,
002021,2023-02-11,560.0,,450 万元至670 万元,,,,
002021,2023-02-14,560.0,,450 万元至670 万元,,,,
002023,2019-01-29,3952.425,6873.785,3436.89万元-4467.96万元,6530.10 万元-7217.47 万元,扭亏为盈,好→更好,0.0
002023,2021-01-28,963.3399999999999,,771.07 万元至1155.61 万元,,同向下降,,
002024,2017-01-11,,71537.3,,"69,037.3 万元–74,037.3 万元",,,
002024,2018-01-13,,417171.3,,"412,171.30 万元–422,171.30 万元",扭亏为盈,,
002024,2019-01-09,,,,,扭亏为盈,,
002024,2023-04-15,-1050000.0,,"950,000 万元 — 1,150,000 万",,,,
002027,2018-01-11,,600000.0,,"595,000 万元–605,000 万元",,,
002036,2019-01-31,35462.25,29788.29,"31,206.78 万元至39,717.72 万元","25,532.82 万元至34,043.76 万元",,坏→更坏,0.0
002037,2019-01-31,,16500.0,,15000 万元–18000 万元,扭亏为盈,,
002038,2019-02-01,,61361.17,,"53,357.54 万元–69,364.80 万元",,,
002039,2019-01-29,28831.489999999998,36359.715,"24,026.24 万元至33,636.74 万元","35,238.49 万元—37,480.94 万元",同向上升,好→更好,0.0
002040,2017-01-25,2928.0,8000.0,"2,386 万元–3,470 万元","7,000 万元–9,000 万元",扭亏为盈,好→更好,0.0
002041,2018-01-31,,,,,同向下降,,
002044,2021-01-30,,,"1,000万元至3,000万","1,000 万元 — 3,000 万元",,,
002046,2017-01-10,-6000.0,,"-6,500 万元～-5,500 万元",,,,
002046,2018-01-31,314.5,1650.0,0 万元至629 万元,500 万元–2800 万元,同向上升,好→更好,0.0
002047,2019-01-31,42178.285,33926.015,"36,676.77 万元—47,679.80 万元","27,507.58 万元–40,344.45 万元",,坏→更坏,0.0
002051,2021-01-16,10469.75,10469.785,"0 万元至20,939.50 万元","0 万元–20,939.57 万元",亏损,好→更好,0.0
002055,2017-01-26,8092.455,4685.105,"6,814.70 万元~9,370.21 万元","3,407.35 万元–5,962.86 万元",同向上升,坏→更坏,0.0
002055,2019-01-29,16601.805,27960.925,"12,232.91 万元~20,970.70 万元","23,592.03 万元–32,329.82 万元",扭亏为盈,好→更好,0.0
002055,2021-01-30,,,,,,,
002057,2017-01-10,,3363.66,,2953.46 万元–3773.86 万元,,,
002058,2017-01-25,,500.0,,350万元-650万元,扭亏为盈,,
002058,2018-01-30,,275.0,,150万元-400万元,同向下降,,
002058,2019-01-29,,436.53999999999996,,366.13万元-506.95万元,扭亏为盈,,
002058,2020-01-22,,-1347.12,,-1461.28万元至-1232.96万元,亏损,,
002058,2021-01-30,,-100.0,,200 万元–0 万元,扭亏为盈,,
002058,2021-03-13,,450.0,,360 万元–540 万元,,,
002059,2020-01-23,24500.0,11250.0,"14,000 万元至35,000 万元","9,000 万元～13,500 万元",,坏→更坏,0.0
002059,2021-01-30,,,"-2,400 万元至-1,200 万元","1,200 万元至2,400 万元",,,
002061,2017-01-20,4750.0,6250.0,"4,000 万至5,500 万元","5,500 万元 至 7,000 万元",亏损,好→更好,0.0
002061,2018-01-31,46250.0,,"42,500 万至50,000 万元",,扭亏为盈,,
002065,2018-01-31,121452.375,71971.775,"112,455.9 万元至130,448.85 万元","58,477.07 万元 至85,466.48 万元",同向上升,坏→更坏,0.0
002066,2018-01-31,,,,,,,
002066,2019-01-15,,,,,,,
002067,2019-01-31,,35500.0,,"33,000 万元 ～ 38,000 万元",同向上升,,
002067,2019-02-20,,,,,,,
002068,2017-01-25,3900.0,9400.0,"3,500万元至4,300万元","9,000 万元-9,800 万元",扭亏为盈,好→更好,0.0
002068,2019-01-31,,41000.0,,"39,000 万元–43,000 万元",同向上升,,
002069,2017-01-26,,,,,亏损,,
002069,2018-01-31,10000.0,,"9,000 万元～11,000 万元",,亏损,,
002069,2025-04-15,-360.0,,240 万元–480 万元,,,,
002070,2017-01-26,,6500.0,,"5,000 万元–8,000 万元",,,
002070,2019-01-30,,-50000.0,,"40,000 万元–60,000 万元",,,
002072,2019-01-31,,-46750.0,,"47,000 万元 至46,500 万元",亏损,,
002073,2019-01-31,10586.005000000001,-28000.0,"9,205.22万元至11,966.79万元","26,000 万元—30,000 万元",亏损,坏→更坏,1.0
002075,2017-01-14,17000.0,22000.0,"14,000万元～20,000万元","18,000 万元～26,000 万元",,好→更好,0.0
002075,2018-01-27,52250.0,73700.0,"47,300万元～57,200万元","68,200 万元～79,200 万元",,好→更好,0.0
002076,2021-04-15,33500.0,950.0,"32,000.00 万元–35,000.00 万元","800.00 万元–1,100.00 万元",亏损,坏→更坏,0.0
002076,2023-03-02,6350.0,,"5,100 万元至7,600 万元",,,,
002076,2025-04-22,,,,,,,
002077,2019-01-31,,-50000.0,,"40,000 万元–60,000 万元",亏损,,
002083,2018-01-31,45350.0,39708.1,"41,600万元至49,100万元","37,816.20 万元 – 41,600 万元",扭亏为盈,坏→更坏,0.0
002086,2021-04-28,,625.0,,500万元-750万元,,,
002087,2023-04-07,-45500.0,,"43,000.00万元-48,000.00万元",,,,
002089,2017-01-26,,9649.035,,"8270.60 万元– 11,027.47 万元",同向上升,,
002089,2018-01-31,,21964.935,,"21,280.24 万元– 22,649.63 万元",扭亏为盈,,
002091,2017-01-26,28802.945,52805.39,"26,402.7 万元至31,203.19 万元","49,205.02 万元–56,405.76 万元",扭亏为盈,好→更好,0.0
002092,2017-01-10,,182500.0,,"175,000 万元–190,000 万元",扭亏为盈,,
002092,2020-01-23,50000.0,35000.0,"40,000万元至60,000万元","30,000 万元–40,000 万元",同向上升,坏→更坏,0.0
002092,2021-01-16,,,,,扭亏为盈,,
002093,2019-01-26,,15466.465,,"11,396.34 万元–19,536.59 万元",同向上升,,
002094,2018-01-11,50967.884999999995,42627.695,48187.82 万元至53747.95 万元,39847.63 万元–45407.76 万元,扭亏为盈,坏→更坏,0.0
002094,2019-01-31,,13095.52,,"10,073.48 万元–16,117.56 万元",同向上升,,
002094,2022-04-30,,,,,,,
002098,2017-01-14,9715.725,11514.93,"8,636.20万元至10,795.25万元","10,795.25 万元–12,234.61 万元",扭亏为盈,好→更好,0.0
002098,2019-01-31,-54423.5,-37500.0,"-69,347万元至-39,500万元","-53,500 万元 ～ -21,500 万元",,好→更好,0.0
002098,2020-01-23,7000.0,6000.0,"5,000 万元至9,000 万元","4,000 万元 — 8,000 万元",亏损,坏→更坏,0.0
002102,2018-01-17,,31000.0,,"28,000.00 万元～34,000.00 万元",同向上升,,
002102,2019-01-28,,-255000.0,,"230,000 万元～280,000 万元",亏损,,
002104,2017-01-21,24110.725,16692.04,"18,546.71万元至29,674.74万元","11,128.03 万元–22,256.05 万元",同向上升,坏→更坏,0.0
002109,2017-01-25,-10500.0,2500.0,"-11,500 万元至-9,500 万元",2000 万元–3000 万元,,好→更好,1.0
002109,2018-01-26,14700.0,20700.0,"14,000 万元至15,400 万元","20,000 万元–21,400 万元",,好→更好,0.0
002110,2017-01-24,,91648.0,,"83,433 万元–99,863 万元",,,
002110,2018-01-20,335047.5,396557.0,"311,845 万元至358,250 万元","373,394 万元～419,720 万元",扭亏为盈,好→更好,0.0
002111,2018-01-31,,12219.125,,"10,112.38 万元–14,325.87 万元",同向上升,,
002111,2019-01-31,,22085.66,,"20,386.76 万元–23,784.56 万元",扭亏为盈,,
002113,2018-02-02,,,,,同向上升,,
002113,2019-01-30,8130.0,,"8,000 万元—8,260 万元",,亏损,,
002113,2023-04-01,-14050.0,,"11,800 万元至 16,300 万元",,,,
002114,2017-01-26,,6950.0,,"6,700.00 万元—7,200.00 万元",扭亏为盈,,
002114,2019-01-31,,-25750.0,,25000 万元–26500 万元,亏损,,
002116,2016-12-07,13680.0,11400.0,"10,260万元—17,100万元","7,980 万元至14,820 万元",同向上升,坏→更坏,0.0
002118,2021-01-29,,,"-35,000 万元至-30,000 万元","-35,000万元至-30,000万元",,,
002120,2017-01-25,8469.04,119000.0,"7,721.77 万元至9,216.31 万元","116,000.00 万元–122,000.00 万元",,好→更好,0.0
002121,2019-01-29,,-100000.0,,"90,000 万元~110,000 万元",亏损,,
002122,2019-01-31,-35450.0,-56250.0,"-42,500 万元至-28,400 万元","45,000 万元–67,500 万元",亏损,坏→更坏,0.0
002123,2019-01-31,,10000.0,,"8,000万元至12,000万元",同向上升,,
002123,2020-01-23,,-17500.0,,"14,000万元至21,000万元",亏损,,
002123,2022-04-01,-2725.0,,"2,225万元至3,225万元",,,,
002124,2019-01-31,19660.574999999997,,"13,107.05万元至26,214.1万元",,亏损,,
002124,2023-04-24,,,,,,,
002125,2019-01-31,10250.0,8050.0,"9,500 万元至 11,000 万元","7,100 万元–9,000 万元",同向上升,坏→更坏,0.0
002128,2017-01-26,,84080.5064,,"80,076.6728 万元–88,084.3400 万元",扭亏为盈,,
002128,2019-01-30,,198271.45500000002,,"184,234.54 万元–212,308.37 万元",扭亏为盈,,
002130,2019-01-31,17635.825,5878.6050000000005,"13,436.82万元至21,834.83万元","1,679.60万元–10,077.61 万元",同向上升,坏→更坏,0.0
002131,2018-01-31,64691.285,47815.295,"56,253.29万元至73,129.28万元","39,377.30 万元–56,253.29 万元",同向上升,坏→更坏,0.0
002131,2019-01-31,25270.97,-142600.0,"21,059.14万元至29,482.80万元","-117,600 万元 ～ -167,600 万元",亏损,坏→更坏,1.0
002131,2026-04-24,22000.0,,"19,000.00 万元至25,000.00 万元",,,,
002132,2019-01-31,1414.78,-12000.0,"0 万元至2,829.56 万","9,000 万元—15,000 万元",亏损,坏→更坏,1.0
002134,2017-01-25,-5500.0,-8500.0,5000万元–6000万元,7000 万元–10000 万元,亏损,坏→更坏,0.0
002134,2019-01-31,-2000.0,-6000.0,1500万元–2500万元,5500 万元–6500 万元,亏损,坏→更坏,0.0
002134,2021-01-30,,,1900 万元-2300 万元,1900 万元–2300 万元,同向上升,,
002135,2017-01-24,3458.355,4841.695,"3,112.52 万元至 3,804.19 万元","4,495.86 万元–5,187.53 万元",扭亏为盈,好→更好,0.0
002136,2017-01-25,3750.0,,"3,500 万元至4,000 万元",,扭亏为盈,,
002136,2019-01-30,8000.0,4750.0,"7,000万元至9,000万元","4,000万元～5,500万元",同向上升,坏→更坏,0.0
002137,2019-01-30,9604.235,,"7,909.37 万元至11,299.10 万元",,亏损,,
002137,2020-01-23,14000.0,10450.0,"12,000 万元至16,000 万","8,400 万元–12,500 万元",亏损,坏→更坏,0.0
002139,2017-01-23,12497.525000000001,14513.295,"11,288.12 万元—13,706.93 万元","13,707.00 万元—15,319.59 万元",扭亏为盈,好→更好,0.0
002140,2017-01-10,14325.869999999999,9849.039999999999,"10,744.40 万元至17,907.34 万元","7,162.94 万元–12,535.14 万元",同向上升,坏→更坏,0.0
002140,2018-01-31,11043.025000000001,-5500.0,"9,407.02 万元至12,679.03 万元","4,000 万元–7,000 万元",亏损,坏→更坏,1.0
002141,2018-01-31,290.0,1060.855,80 万元至500 万元,850 万元–1271.71 万元,扭亏为盈,好→更好,0.0
002141,2019-01-30,1191.9,879.5999999999999,962.97万元至1420.83万元,650.67 万元—1108.53 万元,同向下降,坏→更坏,0.0
002141,2020-01-31,-2851.5,632.5,"-3,098 万元至-2,605 万元",512.00 万元 至 753.00 万元,同向下降,好→更好,1.0
002141,2021-01-30,-42500.0,100000.0,"-46,000 万元至-39,000 万元","90,000 万元至110,000 万元",,好→更好,1.0
002143,2019-01-31,-100000.0,-267000.0,"-120,000 万元至-80,000 万元","320,000 万元—214,000 万元",亏损,坏→更坏,0.0
002146,2017-01-20,349558.08,409826.71499999997,"313,396.90 万元至385,719.26 万元","385,719.26 万元–433,934.17 万元",,好→更好,0.0
002146,2022-04-19,,,,,,,
002147,2017-01-24,146000.0,,"140,000 万元至152,000 万元",,扭亏为盈,,
002147,2017-01-25,,,,,扭亏为盈,,
002147,2019-01-30,15800.0,-20500.0,"13,800.00 万元至17,800.00 万元","18,000.00 万元–23,000.00 万元",,坏→更坏,1.0
002150,2017-01-26,,10280.0,,"9,285.00 万元–11,275.00 万元",扭亏为盈,,
002151,2017-01-12,7850.0,5070.0,"6,600 万元至9,100 万元",4060 万元–6080 万元,同向下降,坏→更坏,0.0
002153,2021-04-23,3128.1499999999996,,"2,576.12 万元–3,680.18 万元",,同向上升,,
002154,2018-11-20,8686.150000000001,5833.98,"8,037.93 万元至9,334.37 万元","5,185.76 万元–6,482.20 万元",,坏→更坏,0.0
002156,2018-01-31,18081.46,14465.169999999998,"14,465.17 万元至21,697.75 万元","10,848.88 万元–18,081.46 万元",同向上升,坏→更坏,0.0
002156,2019-01-31,17708.765,14044.880000000001,"14,655.53 万元至20,762.00 万元","12,212.94 万元–15,876.82 万元",扭亏为盈,坏→更坏,0.0
002159,2017-01-26,,-5000.0,,"-5,500 万元至 -4,500 万元",,,
002160,2018-12-29,10750.0,-41500.0,"7500 万元至 14,000 万","-45,000 万元~-38,000 万元",亏损,坏→更坏,1.0
002160,2021-04-15,,,,,,,
002161,2018-01-31,4631.200000000001,-402.71500000000003,"4,027.13 万元～5,235.27 万元","-402.71 万元～1,208.14 万元",同向下降,坏→更坏,1.0
002161,2019-01-31,,,,,同向上升,,
002161,2024-03-30,,,,,,,
002163,2017-01-25,,1000.0,,"0 万元–2,000 万元",亏损,,
002163,2018-01-31,,-1500.0,,"3,000 万元–0 万元",扭亏为盈,,
002163,2019-01-26,,2500.0,,"1,000 万元–4,000 万元",亏损,,
002166,2017-01-07,6400.43,7529.92,"5,270.94 万元—7,529.92 万元","6,400.43 万元—8,659.41 万元",同向下降,好→更好,0.0
002166,2018-01-30,10797.825,14280.994999999999,"9,056.24 万元—12,539.41 万元","12,539.41 万元—16,022.58 万元",扭亏为盈,好→更好,0.0
002167,2019-01-31,,750.0,,500 万元–1000 万元,亏损,,
002168,2018-01-27,350.0,-11500.0,200 万元至500 万元,"11,000 万元至12,000 万元",亏损,坏→更坏,1.0
002168,2019-01-31,43500.0,35600.0,"41,000 万元至46,000 万元","33,100 万元至38,100 万元",亏损,坏→更坏,0.0
002168,2024-04-03,,,,,,,
002169,2017-01-26,16742.605,12421.93,"15,122.35 万元至18,362.86 万元","10,801.68 万元—14,042.18 万元",,坏→更坏,0.0
002169,2019-01-31,14391.34,9385.66,"12,514.21 万元至16,268.47 万元","7,508.53 万元–11,262.79 万元",同向上升,坏→更坏,0.0
002170,2017-02-03,15881.119999999999,12307.87,"12,704.90万元—19,057.34万元","8,734.62万元—15,881.12万元",同向上升,坏→更坏,0.0
002170,2018-01-31,1790.74,-9813.0,"0万元至3,581.48万元","8,022万元至11,604万元",亏损,坏→更坏,1.0
002172,2018-01-30,24000.0,18250.0,"20,000万元~ 28,000万元","15,500 万元~21,000 万元",同向上升,坏→更坏,0.0
002173,2019-01-31,,4200.0,,"2,800 万元– 5,600 万元",同向上升,,
002173,2025-02-26,-5750.0,81500.0,"6,500 万元–5,000 万元","80,000 万元–83,000 万",,好→更好,1.0
002174,2021-01-30,,72500.0,,"70,000 万元–75,000 万元",同向上升,,
002174,2021-04-30,,18750.0,,"15,000 万元–22,500 万元",,,
002175,2018-01-31,7500.0,2000.0,"6,500 万元至8,500 万元",1500 万元—2500 万元,同向上升,坏→更坏,0.0
002175,2019-01-31,-32000.0,-45000.0,"-38,000 万元至-26,000 万元","41,000 万元-49,000 万元",亏损,坏→更坏,0.0
002176,2019-01-31,,-157000.0,,"150,000 万元—164,000 万元",亏损,,
002177,2023-04-27,5600.0,3600.0,"4,500.00 万元–6,700.00 万元","2,900万元至4,300万",,坏→更坏,0.0
002178,2017-01-26,7666.789999999999,4088.955,"5,111.19 万元至10,222.39 万","1,533.36 万元至6,644.55 万元",同向下降,坏→更坏,0.0
002178,2019-01-30,1333.0,-21000.0,"1,066 万元至1,600 万元","17,000 万元–25,000 万元",亏损,坏→更坏,1.0
002180,2018-01-31,-35700.0,75000.0,"-55,700 万元至 -15,700 万元","62,000 万元 — 88,000 万元",扭亏为盈,好→更好,1.0
002181,2017-01-17,-19500.0,10900.0,"-39,000万元至0万元","0万元–21,800万元",亏损,好→更好,1.0
002181,2019-01-31,1850.0,6200.0,"0万元至3,700万元","4,400 万元—8,000 万元",同向下降,好→更好,0.0
002181,2024-04-09,1850.0,,1500万元-2200万元,,,,
002182,2020-01-20,,,,,扭亏为盈,,
002184,2018-01-31,4363.745,1678.365,"4,028.07 万元至4,699.42 万元","1,342.69 万元-2,014.04 万元",扭亏为盈,坏→更坏,0.0
002184,2019-01-31,-6500.0,-14000.0,"-8,000 万元至-5,000 万元","13,000 万元-15,000 万元",亏损,坏→更坏,0.0
002184,2020-01-31,3000.0,5000.0,"2,500 万元至3,500 万元","4,500 万元-5,500 万元",亏损,好→更好,0.0
002186,2019-01-31,,10199.7,,8159.76 万元—12239.64 万元,同向上升,,
002188,2018-01-31,,-165000.0,,"150,000 万元–180,000 万元",亏损,,
002189,2019-01-31,6000.0,16500.0,"5,500 万元至6,500 万元","15,500 万元至17,500 万元",,好→更好,0.0
002190,2018-01-13,-700.0,-8200.0,"-1,900 万元～500 万元","-10,200 万元～-6,200 万元",,坏→更坏,0.0
002190,2024-02-24,,,,,,,
002192,2017-01-25,800.0,550.0,600 万元至1000 万元,450 万元– 650 万元,,坏→更坏,0.0
002192,2018-01-31,425.0,3528.0950000000003,300 万元至550 万元,"3,395.46 万元 —3,660.73 万元",,好→更好,0.0
002192,2019-02-27,300.0,-600.0,100 万元至500 万元,500 万元–700 万元,,坏→更坏,1.0
002192,2020-01-23,,-21000.0,,"17,000 万元至25,000 万元",,,
002192,2021-01-29,,,600 万元至900 万元,600 万元– 900 万元,,,
002193,2018-02-01,4750.0,6700.0,4000万元—5500万元,5900 万元–7500 万元,扭亏为盈,好→更好,0.0
002193,2021-04-26,-7000.0,675.0,"6,000 万元–8,000 万元",550 万元–800 万元,,好→更好,1.0
002193,2025-04-17,,,,,,,
002196,2019-01-15,7937.76,,"6,614.80 万元—9,260.72 万元",,,,
002196,2024-04-29,-1750.0,,"10,000 万元–-13,500 万元",,,,
002197,2019-01-31,4955.99,1508.35,"3,878.60 万元至6,033.38 万元","430.96 万元 至 2,585.74 万元",同向上升,坏→更坏,0.0
002197,2024-04-27,3750.0,,"3,000 万元–4,500 万元",,亏损,,
002198,2018-01-31,,-6400.0,,"5,900 万元–6,900 万元",亏损,,
002199,2017-01-17,-500.0,1700.0,"-2,000 万元至1,000 万元","1,200 万元至2,200 万元",亏损,好→更好,1.0
002199,2019-01-30,-0.0,-8000.0,"-1,000 万元至1,000 万元","6,500 万元—9,500 万元",亏损,坏→更坏,1.0
002200,2018-01-31,-3000.0,-37000.0,"-3,500 万元至-2,500 万元","35,000 万元至39,000 万元",亏损,坏→更坏,0.0
002201,2019-01-30,1000.0,1700.0,"800 万元至1,200 万元","1,500 万元–1,900 万元",亏损,好→更好,0.0
002205,2016-12-27,-2100.0,1000.0,"-2,600 万元至-1,600 万元",500万元至1500万元,亏损,好→更好,1.0
002205,2018-02-01,,1775.0,,1450万元-2100万元,扭亏为盈,,
002205,2019-01-31,,450.0,,100万元- 800万元,同向上升,,
002205,2022-04-06,,,,,,,
002205,2025-04-22,,,,,,,
002207,2017-01-26,-13500.0,1500.0,"-16,000 万元 — -11,000 万元","1,000 万元~ 2,000 万元",亏损,好→更好,1.0
002207,2018-01-31,,-2100.0,,"-1,000 万元 至 5,200 万元",同向下降,,
002207,2019-01-31,,-27500.0,,"-30,000 万元至-25,000 万元",,,
002207,2026-04-04,,,,,,,
002209,2018-01-25,,2150.0,,"1,500 万元至2,800 万元",,,
002210,2017-01-26,20088.995,,"17,468.69 万元至22,709.30 万元",,,,
002210,2019-01-30,7649.44,-185000.0,"1,529.89万元至13,768.99万元","-175,000 万元 ～ -195,000 万元",亏损,坏→更坏,1.0
002210,2019-02-14,,,,,,,
002211,2017-01-21,,,,,亏损,,
002211,2018-02-07,,3250.0,,"3,000 万元–3,500 万元",扭亏为盈,,
002211,2020-01-22,175.0,,0 万元至350 万元,,,,
002212,2018-01-30,38256.895000000004,45243.0,"36,500万元至40,013.79万元","43,486 万元–47,000 万元",扭亏为盈,好→更好,0.0
002213,2019-01-30,810.0,115.0,"557 万元至1,063 万元",30 万元– 200 万元,,坏→更坏,0.0
002214,2019-01-24,4071.6800000000003,4976.5,"3,619.27 万元至4,524.09 万",4524.09 万元– 5428.91 万元,,好→更好,0.0
002215,2018-01-31,,30000.0,,"28,000 万元~32,000 万元",扭亏为盈,,
002217,2017-01-20,81250.0,88750.0,"78,000 万元～84,500 万元","85,500 万元至92,000 万元",扭亏为盈,好→更好,0.0
002217,2018-01-31,137500.0,,"130,000 万元至145,000 万元",,扭亏为盈,,
002220,2019-01-31,-12711.54,-15250.0,"-16,056.68 万元至-9,366.40 万元","13,000 万元–17,500 万元",亏损,坏→更坏,0.0
002220,2020-04-28,-105201.15,-175000.0,"-78,900.86 万元至-131,501.44 万元","150,000 万元–200,000 万元",亏损,坏→更坏,0.0
002221,2026-04-21,4200.0,,"3,400 万元至5,000 万元",,,,
002221,2026-04-25,-11000.0,,"-13,000 万元至-9,000 万元",,,,
002224,2019-01-29,,12863.425,,"9,647.57 万元至16,079.28 万元",,,
002224,2019-02-02,,,,,,,
002225,2017-01-14,,-18000.0,,"16,000 万元至20,000 万元",亏损,,
002226,2018-01-31,,8889.904999999999,,"7,970.26 万元～9,809.55 万元",扭亏为盈,,
002228,2019-01-31,56174.835,25394.114999999998,"53,866.28 万元至58,483.39 万元","23,085.56 万元–27,702.67 万元",,坏→更坏,0.0
002229,2017-01-24,,1125.0,,1000 万元–1250 万元,,,
002229,2024-04-13,,,,,,,
002231,2019-01-29,,,,,亏损,,
002231,2025-04-22,48500.0,,"45,000 万元 –52,000 万元",,,,
002232,2017-01-25,2025.0,4825.0,1950万元至2100万元,"4,750万元至4,900万元",扭亏为盈,好→更好,0.0
002234,2017-01-24,30000.0,15500.0,"28,000万元—32,000万元","15,000 万元–16,000 万元",亏损,坏→更坏,0.0
002234,2019-01-15,25500.0,38000.0,"23,000万元至28,000万元","37,000 万元–39,000 万元",亏损,好→更好,0.0
002235,2017-01-14,,,,,扭亏为盈,,
002235,2018-01-31,,2275.0,,2000 万元–2550 万元,扭亏为盈,,
002240,2016-12-13,,2000.0,,"1,000万元 - 3,000万元",亏损,,
002240,2020-04-15,3000.0,-5750.0,"2,500 万元 ~ 3,500 万元","5,000 万元 ~6,500 万元",亏损,坏→更坏,1.0
002240,2021-01-30,3750.0,,"3,000.00 万元-4,500.00 万元",,,,
002241,2019-01-19,139049.70500000002,96265.18,"117,657.44万元至160,441.97万元","85,569.05 万元–106,961.31 万元",同向上升,坏→更坏,0.0
002241,2022-12-03,383242.12,,"364,080.01 万元–402,404.23 万元",,,,
002247,2019-01-31,43000.0,21500.0,"38,000 万元至48,000 万元","18,000 万元至25,000 万元",亏损,坏→更坏,0.0
002248,2017-02-28,,-22000.0,,"20,000 万元–24,000 万元",,,
002248,2018-01-12,,2750.0,,"500 万元~5,000 万元",,,
002248,2019-01-30,-20000.0,-55000.0,"-22,000 万元至-18,000 万元","50,000 万元~60,000 万元",,坏→更坏,0.0
002249,2019-01-30,33420.085,-220000.0,"22,976.31 万元至43,863.86 万","210,000 万元–230,000 万元",亏损,坏→更坏,1.0
002249,2020-01-31,25000.0,10000.0,"15,000 万元至35,000 万元","5,000 万元–15,000 万元",亏损,坏→更坏,0.0
002250,2017-01-26,,31903.62,,"25,522.90 万元至38,284.34 万元",同向上升,,
002251,2023-04-15,-150000.0,,"120,000 万元—180,000 万元",,,,
002252,2018-01-31,,90336.5,,"82,271 万元–98,402 万元",,,
002252,2019-01-31,,-140419.5,,"127,882 万元–152,957 万元",亏损,,
002253,2023-03-18,-1750.0,,"1,500 万元—2,000 万元",,,,
002255,2019-01-28,16993.27,-17147.260000000002,"14,565.66 万元至19,420.88 万元","14,663.09 万元— 19,631.43 万元",亏损,坏→更坏,1.0
002256,2019-01-31,13054.685,-23825.0,"9,215.07 万元~16,894.30 万","20,000.00 万元–27,650.00 万元",,坏→更坏,1.0
002256,2020-04-30,-23659.475,-30730.48,"18,927.58 万元–28,391.37 万元","27,657.43 万元–33,803.53 万元",亏损,坏→更坏,0.0
002258,2017-01-04,17306.695,20075.775,"15,229.89 万元-19,383.5 万元","18,691.24 万元-21,460.31 万元",扭亏为盈,好→更好,0.0
002259,2017-01-25,2260.585,7453.07,"2,055.08 万元至2,466.09 万元","7,110.56 万元至7,795.58 万元",扭亏为盈,好→更好,0.0
002259,2019-01-31,-6750.0,-17000.0,"-7,500 万元至-6,000 万元","-19,000 万元至-15,000 万元",亏损,坏→更坏,0.0
002260,2017-01-20,,2050.0,,"1,000 万元–3,100 万元",亏损,,
002260,2019-01-31,-6000.0,,"-5,000 万元至-7,000 万元",,,,
002260,2020-01-23,1700.0,,"1,400 万元至2,000 万元",,,,
002260,2022-04-26,-7500.0,,"6,000 万元至9,000 万元",,,,
002261,2018-02-01,,9518.789999999999,,"6,345.86 万元 至12,691.72 万元",同向上升,,
002263,2017-01-26,-3100.0,-18000.0,"-3,500 万元至-2,700 万元","17,000 万元至19,000 万元",,坏→更坏,0.0
002263,2018-01-31,1750.0,-59000.0,1500 万元至2000 万元,"58,000 万元至60,000 万元",,坏→更坏,1.0
002264,2017-01-26,21500.0,,"18,000万元至25,000万元",,亏损,,
002264,2018-01-30,-500.0,,"-2,800万元至1,800万元",,亏损,,
002265,2019-01-30,,,,,亏损,,
002265,2023-03-31,,,,,同向上升,,
002269,2024-04-20,,,,,,,
002270,2018-01-31,27500.0,31000.0,"23,000 万元至32,000 万元",27000 万元–35000 万元,扭亏为盈,好→更好,0.0
002270,2019-01-31,11000.0,14250.0,"7,000 万元至15,000 万元",11500 万元–17000 万元,同向上升,好→更好,0.0
002272,2019-01-31,6750.0,5000.0,5500万元至8000万元,4000 万元–6000 万元,扭亏为盈,坏→更坏,0.0
002277,2016-12-28,,31018.309999999998,,"29,467.39 万元–32,569.23 万元",,,
002277,2018-12-29,,50860.045,,"45,209.04 万元至56,511.05 万元",,,
002278,2023-03-29,,,,,,,
002279,2016-12-24,18000.0,21000.0,"16,000 万元~20,000 万元","19,000 万元 ~ 23,000 万元",扭亏为盈,好→更好,0.0
002279,2019-01-30,33500.0,5500.0,"31,000 万元~36,000 万元","1,000 万元 ~ 10,000 万元",同向上升,坏→更坏,0.0
002280,2019-01-31,,2500.0,,"1,000 万元-4,000 万元",,,
002280,2020-01-22,,-285000.0,,"270,000 万元-300,000 万元",,,
002284,2019-01-31,5004.41,,"3,336.27 万元至6,672.55 万元",,同向下降,,
002284,2022-04-07,,,"6,300 万元-7,300 万元","6,300万元-7,300万元",扭亏为盈,,
002285,2019-01-31,85330.1,50194.175,"70,271.85 万元–100,388.35 万元","40,155.34 万元–60,233.01 万元",同向上升,坏→更坏,0.0
002288,2022-03-29,,,"11,800万元—13,000万元","11,800万元~13,000万元",,,
002289,2021-01-30,,,"-3,200 万元至-4,500 万元","3,200 万元—4,500 万元",,,
002290,2018-01-31,6012.735000000001,419.495,"5,313.58 万元至6,711.89 万元",139.83 万元至699.16 万元,同向上升,坏→更坏,0.0
002290,2019-01-31,8951.28,6503.02,"8,773.44 万元至9,129.12 万元","6,011.00 万元至6,995.04 万元",,坏→更坏,0.0
002290,2020-01-23,,-72350.0,,"59,700 万元–85,000 万元",,,
002290,2021-01-26,,7100.0,,"6,800 万元–7,400 万元",,,
002292,2018-01-30,42367.775,12461.105,"34,891.11 万元至49,844.44 万元","4,984.44 万元–19,937.77 万元",同向上升,坏→更坏,0.0
002292,2019-01-31,10364.904999999999,-161000.0,"9,012.96 万元至11,716.85 万元","159,000 万元–163,000 万元",亏损,坏→更坏,1.0
002296,2018-01-31,,-15500.0,,"14,000 万元至17,000 万元",,,
002297,2016-12-31,-3500.0,1000.0,"-4,000 万元至-3,000 万元","500 万元- 1,500 万元",扭亏为盈,好→更好,1.0
002297,2018-01-31,-3350.0,-6150.0,"-3,900 万元至-2,800 万元","5,500 万元—6,800 万元",亏损,坏→更坏,0.0
002299,2017-01-19,,68000.0,,"67,000 万元—69,000 万元",亏损,,
002299,2019-01-08,123000.0,151500.0,"120,500.00万元—125,500.00万","150,000.00 万元— 153,000.00 万元",,好→更好,0.0
002299,2020-01-04,375500.0,414000.0,"370,500.00万元—380,500.00万","408,000.00 万元— 420,000.00 万元",,好→更好,0.0
002302,2019-01-25,,29078.83,,"26,435.30 万元–31,722.36 万元",,,
002303,2017-01-21,34174.83,25355.519999999997,"28,662.76 万元至39,686.90 万元","22,048.28 万元–28,662.76 万元",扭亏为盈,坏→更坏,0.0
002306,2018-01-30,-1600.0,-1950.0,"-1,750 万元至-1,450 万元","2,150 万元-1,750 万元",,坏→更坏,0.0
002306,2019-01-24,-2150.0,985.0,"-2,500 万元至-1,800 万元","500 万元至1,470 万元",亏损,好→更好,1.0
002306,2025-04-12,-3300.0,-500.0,"3,100 万元至3,500 万元",-300 万元至-700 万,亏损,好→更好,0.0
002307,2026-04-15,-12000.0,,"-10,000 万元至-14,000 万元",,,,
002308,2020-01-31,,-125000.0,,"110,000万元至140,000万元",亏损,,
002308,2021-01-30,21000.0,,"16,800.00万元至25,200.00万元",,,,
002308,2023-03-24,,,,,,,
002309,2019-01-31,,,,,同向上升,,
002309,2023-04-17,-87050.0,-41350.0,"75,800 万元–98,300 万元","33,200 万元–49,500 万元",,好→更好,0.0
002309,2024-04-16,-108700.0,-15000.0,"92,400 万元–125,000 万元","-30,000 万元至0 万元",,好→更好,0.0
002310,2016-11-10,111363.91500000001,120393.42,"102,334.41 万元至120,393.42 万元","111,363.91 万元–129,422.93 万元",,好→更好,0.0
002310,2019-01-31,250460.995,190568.15000000002,"217,792.17 万元—283,129.82 万元","163,344.13 万元–217,792.17 万元",同向上升,坏→更坏,0.0
002315,2017-01-24,,,,,,,
002315,2018-01-27,12770.279999999999,7773.21,"11,104.59 万元至14,435.97 万元","6,662.75 万元–8,883.67 万元",,坏→更坏,0.0
002315,2018-12-22,7315.42,4755.025,"5,852.34 万元至8,778.50 万元","3,657.71 万元–5,852.34 万元",,坏→更坏,0.0
002316,2018-01-31,522.0,-2350.0,460 万元至584 万元,"2,750 万元至1,950 万元",亏损,坏→更坏,1.0
002316,2020-01-31,3000.0,-15000.0,"2,500万元至3,500万元","13,000 万元至17,000 万元",亏损,坏→更坏,1.0
002316,2021-01-30,-23000.0,23000.0,"-26,000 万元至-20,000 万元","20,000 万元–26,000 万元",,好→更好,1.0
002318,2017-01-18,,16577.879999999997,,"14,735.89 万元–18,419.87 万元",扭亏为盈,,
002320,2019-01-25,,21640.08,,"20,501.13 万元–22,779.03 万元",同向上升,,
002321,2017-01-25,,9400.0,,9000 万元–9800 万元,扭亏为盈,,
002321,2021-01-30,-2500.0,321000.0,"57,000万元至-52,000万元","318,000 万元–324,000 万元",,好→更好,1.0
002323,2026-04-28,35500.0,,"33,000 万元至38,000 万元",,,,
002324,2018-01-31,25500.0,19733.89,"20,000 万元至31,000 万元","17,232.41 万元至22,235.37 万元",同向上升,坏→更坏,0.0
002324,2019-01-30,14809.73,9582.77,"10,453.93 万元至19,165.53 万元","7,840.45 万元至11,325.09 万元",同向上升,坏→更坏,0.0
002324,2020-01-08,14463.89,18441.455,"13,017.5 万元至15,910.28 万元","16,633.47 万元至20,249.44 万元",扭亏为盈,好→更好,0.0
002325,2017-01-17,30387.824999999997,17875.19,"21,450.23 万元至39,325.42 万元","12,512.63 万元至23,237.75 万元",同向上升,坏→更坏,0.0
002325,2024-04-30,,,,,,,
002327,2018-01-30,43902.07,48292.275,"39,511.86 万元至48,292.28 万元","43,902.07 万元–52,682.48 万元",,好→更好,0.0
002328,2019-01-31,,10126.7,,"9,206.09 万元—11,047.31 万元",扭亏为盈,,
002329,2019-01-30,1985.9,-61000.0,"567.40 万元至3,404.40 万元","65,000 万元至57,000 万元",亏损,坏→更坏,1.0
002329,2019-02-13,55000.0,,"54,000 万元-56,000 万元",,,,
002329,2026-04-01,-26500.0,,"-31,000 万元至-22,000 万",,,,
002330,2017-02-28,1695.6150000000002,,"1,130.41万元至2,260.82万元",,,,
002330,2024-04-23,-1150.0,-2249.7,"1,300 万元–1,000 万元","2,099.70 万元至2,399.70 万元",,坏→更坏,0.0
002333,2019-01-31,-9200.0,400.0,"-9,900 万元至-8,500 万元",0 万元–800 万元,亏损,好→更好,1.0
002334,2017-01-14,11166.015,8188.41,"8,932.81 万元–13,399.22 万元","5,955.21 万元–10,421.61 万元",同向上升,坏→更坏,0.0
002335,2017-01-25,,,,,扭亏为盈,,
002335,2019-01-31,17474.535,11081.41,"13,638.66万元至21,310.41万元","5,114.5万元–17,048.32万元",同向上升,坏→更坏,0.0
002335,2020-01-31,12335.965,19438.485,"10,466.88万元至14,205.05万元","17,569.40万元–21,307.57万元",扭亏为盈,好→更好,0.0
002336,2019-01-31,,-32000.0,,"-36,000 万元～-28,000 万元",亏损,,
002338,2019-01-26,3269.8050000000003,3654.485,"2,692.78 万元—3,846.83 万元","3,077.46 万元–4,231.51 万元",,好→更好,0.0
002338,2023-01-31,,,,,,,
002339,2017-01-21,16572.155,12248.985,"14,410.57 万元至18,733.74 万元","10,087.40 万元至14,410.57 万元",同向上升,坏→更坏,0.0
002340,2017-01-26,19276.325,25444.75,"15,421.06 万元—23,131.59 万元","23,131.59 万元—27,757.91 万元",扭亏为盈,好→更好,0.0
002341,2020-02-03,6250.0,875.0,"5,000 万元–7,500 万元","750 万元–1,000 万元",,坏→更坏,0.0
002341,2021-01-30,-7500.0,-125000.0,"6,000万元-9,000万元","120,000 万元–130,000 万元",,坏→更坏,0.0
002342,2018-01-31,2372.865,515.84,"2,063.36 万元至2,682.37 万元",825.34 万元–206.34 万元,,坏→更坏,0.0
002343,2019-01-31,47500.0,-102500.0,"45,000 万元至 50,000万元","95,000万元~110,000万元",亏损,坏→更坏,1.0
002343,2021-04-15,-23500.0,23500.0,"26,500万元~ 20,500万元","26,500 万元~ 20,500 万元",,好→更好,1.0
002345,2019-01-31,29845.690000000002,4264.0,"25,582.02万元至34,109.36万元","0 万元–8,528 万元",,坏→更坏,0.0
002345,2019-02-02,,,,,,,
002347,2017-01-25,,870.405,,"580.27 万元-1,160.54 万元",同向下降,,
002347,2018-01-06,,793.69,,529.13 万元–1058.25 万元,同向上升,,
002348,2017-02-25,,4468.465,,3909.91 万元至5027.02 万元,同向上升,,
002348,2019-01-29,,3029.9,,1652.67 万元至4407.13 万元,同向上升,,
002348,2021-04-15,,,"5,000 万元–9,900 万元","5,000 万元–9,900 万元",,,
002348,2022-04-20,,,,,,,
002352,2017-01-26,,419500.0,,"405,000.00 万元–434,000.00 万元",,,
002353,2019-01-18,54570.630000000005,59993.8,"52,875.89 万元至56,265.37 万元","58,299.06 万元–61,688.54 万元",,好→更好,0.0
002354,2019-03-06,,,,,,,
002355,2019-01-31,,-22000.0,,"20,000 万元–24,000 万元",,,
002355,2021-01-30,,,"-26,000 万元至-14,000 万元","14,000 万元-26,000 万元",,,
002355,2026-04-28,-25000.0,,-30000 万元～-20000 万元,,,,
002356,2019-02-28,-43045.96000000001,,"-46,569.01 万元至-39,522.91 万元",,,,
002356,2020-04-15,,-125000.0,,"-150,000万元至-100,000万元",,,
002357,2020-01-23,9213.885,7709.58,8273.69 万元至10154.08 万元,6769.39 万元-8649.77 万元,扭亏为盈,坏→更坏,0.0
002358,2016-11-30,,35608.875,,"32,869.73 万元–38,348.02 万元",同向上升,,
002359,2017-01-25,-3250.0,-4750.0,"-4,000 万元至-2,500 万元","5,500 万元至4,000 万元",亏损,坏→更坏,0.0
002359,2019-01-31,65253.91,13319.119999999999,"57,243.52万元至73,264.3万元","8,452.69万元-18,185.55万元",同向上升,坏→更坏,0.0
002359,2019-04-27,13319.119999999999,-129344.96,"8,452.69万元至18,185.55万元","-155,213.95万元至-103,475.97万元",亏损,坏→更坏,1.0
002359,2020-01-23,-122426.16500000001,-265465.7,"100,821.55万元至144,030.78万元","213,008.41万元至317,922.99万元",亏损,坏→更坏,0.0
002360,2025-04-04,,,,,,,
002362,2019-01-26,4250.0,1500.0,3500万元至5000万元,1000 万元–2000 万元,同向上升,坏→更坏,0.0
002363,2018-01-31,6917.9400000000005,5414.04,"6,015.60 万元至7,820.28 万元",4812.48 万元至6015.60 万元,,坏→更坏,0.0
002364,2018-01-31,,7914.09,,"6,331.27 万元 至 9,496.91 万元",同向上升,,
002364,2019-01-31,10522.76,8290.66,"9,566.15 万元至11,479.37 万元","7,652.92 万元 至 8,928.40 万元",扭亏为盈,坏→更坏,0.0
002364,2020-01-31,,8428.66,,"7,662.42 万元 至9,194.90 万元",,,
002366,2019-01-31,45000.0,35000.0,"40,000 万元至50,000 万元","30,000 万元—40,000 万元",,坏→更坏,0.0
002366,2021-04-24,,,,,,,
002366,2022-04-28,-62500.0,,"55,000万元 - 70,000万元",,,,
002369,2021-03-23,15250.0,-15250.0,"13,500万元至17,000万元","13,500 万元 – 17,000 万元",,坏→更坏,1.0
002370,2020-01-23,,-180000.0,,"150,000 万元–210,000 万元",亏损,,
002374,2018-01-31,18500.0,11500.0,"17,000万元-20,000万元","9,000万元-14,000万元",同向上升,坏→更坏,0.0
002374,2019-01-31,3000.0,-75000.0,"2,000万元-4,000万元","65,000万元—85,000万元",,坏→更坏,1.0
002376,2017-01-10,,22828.09,,"21,355.31万元 – 24,300.87万元",扭亏为盈,,
002377,2026-04-08,250.0,,200 万元至300 万元,,,,
002379,2018-01-31,4650.0,4000.0,"4,300万元至5,000万元","3,800 万元–4,200 万元",扭亏为盈,坏→更坏,0.0
002382,2021-03-26,320000.0,,"300,000.00 万元-340,000.00 万元",,扭亏为盈,,
002383,2019-01-31,,27500.0,,"25,000 万元-30,000 万元",同向上升,,
002383,2020-01-31,,-75000.0,,"60,000 万元–90,000 万元",亏损,,
002383,2022-03-31,,3125.0,,"2,500 万元–3,750 万元",,,
002384,2018-01-30,66480.81,53357.7,"62,875.56 万元至70,086.06 万元","51,194.55 万元-55,520.85 万元",扭亏为盈,坏→更坏,0.0
002384,2019-01-30,113000.0,,"106,000万元至120,000万元",,扭亏为盈,,
002384,2020-01-21,,,,,同向上升,,
002385,2017-01-26,109359.73999999999,88193.335,"98,776.54 万元至119,942.94 万元","84,665.60 万元 至91,721.07 万元",,坏→更坏,0.0
002386,2017-01-23,,,,,亏损,,
002386,2017-01-26,,,,,,,
002386,2021-01-28,4750.0,12000.0,"4,000 万元至5,500 万元","11,000 万元—13,000 万",扭亏为盈,好→更好,0.0
002387,2019-01-30,,3625.0,,"3,250万元至4,000万元",扭亏为盈,,
002389,2020-02-03,31434.0,20150.0,"26,598 万元至36,270 万元",16120 万元–24180 万元,同向下降,坏→更坏,0.0
002390,2019-01-31,36250.024999999994,-129000.0,"34,174.03 万元至38,326.02 万元","123,000万元-135,000万元",,坏→更坏,1.0
002390,2019-02-01,,,,,,,
002393,2019-01-26,,,,,,,
002397,2018-01-30,,6809.094999999999,,"4,863.64 万元–8,754.55 万元",,,
002397,2019-01-31,,10509.06,,"9,227.47 万元 – 11,790.65 万元",,,
002399,2018-01-30,,18000.0,,"15,000 万元-21,000 万元",同向上升,,
002400,2018-02-28,,,,,,,
002400,2021-01-29,-48500.0,,"-58,000 万元至-39,000 万元",,,,
002404,2017-01-17,7302.5650000000005,9931.49,"5,842.05 万元至8,763.08 万","8,763.08 万元—11,099.90 万元",扭亏为盈,好→更好,0.0
002404,2017-11-30,15434.279999999999,22404.6,"12,944.88 万元至17,923.68 万元","19,915.20 万元—24,894.00 万元",扭亏为盈,好→更好,0.0
002405,2019-01-12,33149.95,49061.925,"29,171.96 万元—37,127.94 万元","45,083.93 万元–53,039.92 万元",,好→更好,0.0
002406,2017-01-19,,11329.02,,"10,635.41万元–12,022.63万元",同向上升,,
002407,2020-01-22,1625.0,-39500.0,"1,300万元至1,950万元","36,000 万元至43,000 万元",亏损,坏→更坏,1.0
002409,2018-01-31,,4070.455,,3663.41 万元～4477.50 万元,,,
002411,2021-04-28,-42000.0,725000.0,"35,000.00 万元-49,000.00 万元","650,000.00 万元–800,000.00 万元",亏损,好→更好,1.0
002411,2021-04-30,,,,,,,
002411,2022-04-30,,-83000.0,,"78,000.00 万元-88,000.00 万",扭亏为盈,,
002414,2019-01-30,,13442.305,,"12,857.86 万元–14,026.75 万元",扭亏为盈,,
002416,2019-01-31,22000.0,-8000.0,"20,000.00 万元至24,000.00 万元","6,500.00 万元 – 9,500.00 万元",亏损,坏→更坏,1.0
002417,2018-01-30,1500.0,600.0,1000 万元至2000 万元,200 万元–1000 万元,同向上升,坏→更坏,0.0
002417,2019-01-23,,-4500.0,,5000 万元—4000 万元,,,
002418,2020-01-22,-18500.0,-40000.0,"-22,000.00 万元至-15,000.00 万元","35,000.00 万元至45,000.00 万元",亏损,坏→更坏,0.0
002418,2022-04-02,,,,,,,
002420,2018-01-31,-17500.0,-42000.0,"-20,000 万元至-15,000 万元","47,000 万元至37,000 万元",亏损,坏→更坏,0.0
002420,2018-02-07,,,,,,,
002420,2019-01-31,-60000.0,-77500.0,"-70,000 万元至-50,000 万元","70,000 万元至85,000 万元",亏损,坏→更坏,0.0
002420,2020-01-22,5000.0,15000.0,"4,000 万元至6,000 万元",12000 万元至18000 万元,亏损,好→更好,0.0
002422,2018-01-31,58463.880000000005,76003.04500000001,"43,847.91 万元至73,079.85 万元","67,233.46 万元–84,772.63 万元",扭亏为盈,好→更好,0.0
002423,2017-01-04,-11000.0,700.0,"10,000万元～12,000万元","400 万元～1,000 万元",亏损,好→更好,1.0
002423,2018-01-31,-19000.0,-25000.0,"18,000万元～20,000万元","23,000 万元～27,000 万元",亏损,坏→更坏,0.0
002426,2017-01-26,,62500.0,,"60,000.00 万元–65,000.00 万元",同向上升,,
002426,2019-01-26,35650.0,-40000.0,"31,000 万元至40,300 万元","44,000 万元—36,000 万元",亏损,坏→更坏,1.0
002426,2023-04-06,,,,,,,
002427,2019-01-31,1637.625,-178000.0,"0 万元至3,275.25 万元","170,000 万元—186,000 万元",亏损,坏→更坏,1.0
002428,2017-01-25,-8900.0,-9750.0,9800 万元至8000 万元,10500 万元—9000 万元,亏损,坏→更坏,0.0
002429,2017-01-23,,38021.619999999995,,"34,565.11 万元至41,478.13 万元",,,
002429,2018-01-31,54286.685,63646.455,"48,670.82 万元至 59,902.55 万元","59,902.55 万元至67,390.36 万元",,好→更好,0.0
002429,2020-02-03,89076.95499999999,111346.195,"80,169.26 万元至97,984.65 万元","97,984.65 万元至124,707.74 万元",,好→更好,0.0
002431,2024-03-15,-46000.0,46000.0,"40,000 万元 — 52,000 万元","40,000 万元—52,000 万元",,好→更好,1.0
002432,2020-01-14,,,,,,,
002433,2018-01-31,,29807.629999999997,,27982.67 万元-31632.59 万元,扭亏为盈,,
002437,2019-01-31,33290.14,15483.785,"30,967.57 万元～35,612.71 万元","10,838.65 万元至20,128.92 万元",,坏→更坏,0.0
002437,2021-01-30,,-32000.0,,"-34,000 万元至-30,000 万元",,,
002437,2024-04-13,,22000.0,,"20,000 万元-24,000 万元",,,
002443,2018-01-31,12249.98,15391.0,"10,679.47 万元至13,820.49 万元","13,820.49 万元～16,961.51 万元",扭亏为盈,好→更好,0.0
002444,2017-01-24,,63582.815,,"59,983.79 万元 –67,181.84 万元",扭亏为盈,,
002446,2018-01-31,17000.0,11500.0,"16,000 万元—18,000 万元","10,000 万元—13,000 万元",同向上升,坏→更坏,0.0
002447,2018-04-18,,,,,,,
002447,2019-01-30,-116.69000000000005,-66215.14,"-6,901.03 万元至6,667.65 万元","59,430.80 万元-72,999.48 万元",亏损,坏→更坏,0.0
002450,2019-01-31,296925.5,,"272,182万元至321,669万元",,同向上升,,
002451,2018-01-31,,,,,,,
002452,2019-01-30,-1500.0,-12000.0,-3000 万元～0 万元,"-15,000 万元 ～ -9,000 万元",亏损,坏→更坏,0.0
002453,2017-02-03,2028.3249999999998,-30000.0,"1,521.24 万元至2,535.41 万元","25,000 万元至35,000 万元",亏损,坏→更坏,1.0
002456,2018-01-31,143500.0,107500.0,"129,000 万元至158,000 万元","100,000 万元—115,000 万元",,坏→更坏,0.0
002456,2021-04-17,,,,,亏损,,
002457,2017-01-24,,3641.385,,"2,427.59 万元至 4,855.18 万元",同向上升,,
002458,2017-01-24,68500.0,59000.0,"65,000.00 万元至72,000.00 万元","58,000.00 万元至60,000.00 万元",同向上升,坏→更坏,0.0
002458,2018-01-30,-26500.0,-33500.0,"-28,000 万元至-25,000 万元","-34,500.00 万元至-32,500.00 万元",同向上升,坏→更坏,0.0
002458,2019-01-29,33500.0,36500.0,"32,000 万元至35,000 万元","36,000.00 万元至37,000.00 万元",扭亏为盈,好→更好,0.0
002459,2017-01-24,1500.0,2100.0,"1,200 万元–1,800 万","1,800 万元–2,400 万元",扭亏为盈,好→更好,0.0
002459,2020-01-22,-2750.0,111500.0,"-3,000 万元至 -2,500 万元","94,000 万元–129,000 万元",扭亏为盈,好→更好,1.0
002460,2021-01-30,45000.0,,"40,000 万元至50,000 万元",,,,
002463,2017-01-24,7500.0,13500.0,"6,000 万元至9,000 万元","12,000 万元–15,000 万元",,好→更好,0.0
002464,2017-01-26,19300.0,18250.0,"18,500万元至20,100万元","17,500 万元 - 19,000 万元",,坏→更坏,0.0
002464,2018-01-31,17250.0,18500.0,"15,500万元至19,000万元","16,000 万元~21,000 万元",同向下降,好→更好,0.0
002464,2019-01-30,14250.0,11000.0,"12,500万元至16,000万元","9,000 万元~ 13,000 万元",同向上升,坏→更坏,0.0
002464,2021-04-06,-10000.0,22000.0,"-8,000万元至-12,000万元","21,000万元至23,000万元",,好→更好,1.0
002466,2020-02-03,10000.0,-320000.0,"8,000万元至12,000万元","260,000万元至380,000万元",亏损,坏→更坏,1.0
002467,2018-01-31,6619.66,3925.465,"5,295.73 万元至7,943.59 万元","3,315.68 万元–4,535.25 万元",亏损,坏→更坏,0.0
002468,2017-01-21,386.66999999999996,124471.92,290 万元至483.34 万元,"123,849.56 万元–125,094.28 万元",,好→更好,0.0
002469,2017-01-26,,1257.505,,628.75 万元—1886.26 万元,,,
002469,2018-01-16,,5824.665,,"5,648.16 万元—6,001.17 万元",,,
002470,2019-01-31,,67972.44,,"57,239.95 万元–78,704.93 万元",同向下降,,
002471,2019-01-31,13813.54,10464.8,"11,720.58 万元至15,906.50 万元","8,371.84 万元 – 12,557.76 万元",扭亏为盈,坏→更坏,0.0
002471,2019-02-21,,,,,,,
002471,2020-01-31,,-41500.0,,"55,000 万元至28,000 万元",,,
002473,2017-01-24,-2804.4,,"-2,912.26 万元—-2,696.54 万元",,同向上升,,
002473,2018-01-31,-2665.0,-5175.0,"-2,950 万元至-2,380 万元","-6,150 万元至-4,200 万元",同向上升,坏→更坏,0.0
002473,2019-01-31,757.5,1180.0,485 万元至1030 万元,950 万元至1410 万元,亏损,好→更好,0.0
002475,2019-01-10,,270490.9,,"262,038.06 万元–278,943.74 万元",,,
002476,2019-01-30,,-22700.0,,"16,000 万元～29,400 万元",亏损,,
002479,2019-01-31,,20666.510000000002,,"17,222.09万元–24,110.93万元",同向上升,,
002480,2018-01-31,2950.0,1600.0,"2,500 万元至3,400 万元","1,200 万元–2,000 万元",同向下降,坏→更坏,0.0
002485,2018-01-16,560.145,3125.6099999999997,373.43万元至746.86万元,"2,501.98 万元–3,749.24 万元",同向上升,好→更好,0.0
002485,2021-04-15,-6777.38,2750.0,"5,814.88万元-7,739.88万元","2,200.00万元–3,300.00万元",,好→更好,1.0
002486,2017-01-24,-2250.0,1000.0,-3000 万元至-1500 万元,500 万元—1500 万元,亏损,好→更好,1.0
002486,2018-01-31,-5000.0,2500.0,"-6,000 万元至-4,000 万元","1,500 万元—3,500 万元",同向上升,好→更好,1.0
002486,2025-04-17,600.0,,400 万元 - 800 万元,,同向上升,,
002489,2019-01-16,,-9500.0,,"7,000 万元- 12,000 万元",亏损,,
002489,2020-01-20,,23500.0,,"21,000万元至26,000万元",亏损,,
002489,2021-01-23,,67500.0,,"60,000 万元-75,000 万元",扭亏为盈,,
002490,2017-02-03,,-55500.0,,"48,000万元~ 63,000万元",亏损,,
002490,2019-01-29,,9250.0,,"8,500.00 万元-10,000.00 万元",,,
002490,2025-03-25,5350.0,,"4,700 万元– 6,000 万元",,,,
002493,2024-02-24,,,,,,,
002495,2017-01-26,4350.665,3559.635,"3,955.15 万元至4,746.18 万元",3164.12 万元— 3955.15 万元,,坏→更坏,0.0
002496,2020-01-31,,-30000.0,,"25,000 万元–35,000 万元",亏损,,
002496,2021-01-30,,3750.0,,"3,000 万元 –4,500 万",,,
002496,2021-02-04,,3750.0,,"3,000 万元 –4,500 万",,,
002496,2026-04-08,19500.0,40000.0,"17,000 万元～22,000 万元","38,000 万元～42,000 万",,好→更好,0.0
002497,2019-01-30,,,,,,,
002499,2019-01-31,,-31250.0,,"28,000 万元—34,500 万元",亏损,,
002499,2022-04-30,-1850.0,,"1,500 万元–2,200 万元",,,,
002501,2019-01-31,,-415000.0,,"350,000 万元—480,000 万元",,,
002501,2020-01-23,,,,,,,
002502,2019-01-30,21915.975,-123500.0,"18,263.31 万元至25,568.64 万元","112,000 万元-135,000 万元",,坏→更坏,1.0
002503,2019-01-29,,39833.87,,"33,705.58 万元—45,962.16 万元",,,
002503,2021-01-30,,,"-5,000 万元~5,000 万元","-5,000 万元~5,000 万元",亏损,,
002503,2021-02-05,,,,,,,
002503,2022-04-20,,,,,,,
002504,2018-01-31,15000.0,-15000.0,"12,000 万元至18,000 万元","13,000 万元 至 17,000 万元",亏损,坏→更坏,1.0
002504,2019-01-31,,2000.0,,500 万元 至 3500 万元,亏损,,
002505,2019-01-31,8600.0,-58650.0,"6,800 万元~10,400 万元","-59,200.00万元~ -58,100.00万元",亏损,坏→更坏,1.0
002505,2021-04-15,6250.0,,"5,000 万元至7,500 万元",,,,
002506,2017-01-26,37500.0,10000.0,"25,000 万元至50,000 万元","5,000 万-15,000 万",同向上升,坏→更坏,0.0
002507,2017-01-23,,21244.894999999997,,"18,884.35 万元–23,605.44 万元",扭亏为盈,,
002508,2017-01-10,,120421.5,,"116,269 万元—124,574 万元",扭亏为盈,,
002509,2019-01-29,39513.46,15197.485,"30,394.97 万元至48,631.95 万元","6,078.99 万元至24,315.98 万元",同向上升,坏→更坏,0.0
002509,2019-04-25,15197.485,,"6,078.99 万元至24,315.98 万元",,亏损,,
002509,2019-04-29,,,,,,,
002509,2020-01-15,,-260287.5,,"215,848 万元至304,727 万元",亏损,,
002509,2020-01-17,,,,,,,
002510,2018-01-31,,12003.279999999999,,"9,002.46 万元至15,004.10 万元",同向上升,,
002510,2019-01-31,,18186.114999999998,,"15,854.56 万元至20,517.67 万元",,,
002512,2020-01-31,12250.0,5000.0,"10,000 万元至14,500 万元","4,000 万元–6,000 万元",亏损,坏→更坏,0.0
002512,2021-01-30,,1875.0,,"1,500 万元-2,250 万元",,,
002513,2018-01-31,,9646.255000000001,,"8,574.45 万元–10,718.06 万元",,,
002513,2018-04-24,,,,,,,
002513,2019-01-31,-2500.0,,"0 万元至5,000 万元",,,,
002513,2020-01-23,,-33000.0,,"28,000 万元—38,000 万元",,,
002513,2020-04-17,-33000.0,-50000.0,"28,000 万元至38,000 万元","45,000 万元-55,000 万元",,坏→更坏,0.0
002514,2017-01-26,,,,,亏损,,
002514,2024-04-25,,,,,,,
002514,2026-04-28,,,,,,,
002515,2018-01-31,10600.0,21700.0,"10,200 万元至11,000 万元","20,400 万元至23,000 万元",同向上升,好→更好,0.0
002515,2019-01-30,4000.0,-1400.0,"2,000 万元至6000 万元",-3800 万元至1000 万元,亏损,坏→更坏,1.0
002517,2019-02-28,,,,,,,
002519,2019-01-30,19665.09,-110000.0,"16,855.79 万元至22,474.39 万元",95000 万元-125000 万元,亏损,坏→更坏,1.0
002520,2024-04-27,-64500.0,,"52,000 万元-77,000 万元",,,,
002521,2023-03-28,,,,,,,
002524,2019-01-31,4250.0,-5000.0,"3,500 万元至 5,000 万元","-5,500 万元～-4,500 万元",亏损,坏→更坏,1.0
002524,2026-03-21,,,,,,,
002526,2017-01-19,,1000.0,,500 万元–1500 万元,扭亏为盈,,
002526,2018-01-31,5250.0,,"5,000 万元—5,500 万元",,同向上升,,
002527,2019-01-31,5506.78,-26500.0,"3,441.74 万元至7,571.82 万元","23,000 万元–30,000 万元",,坏→更坏,1.0
002527,2019-02-02,,,,,,,
002528,2017-01-14,,-42500.0,,"45,000 万元–40,000 万元",,,
002528,2023-04-21,,,,,,,
002529,2017-01-26,,-3350.0,,3000 万元–3700 万元,亏损,,
002529,2018-02-01,,1475.0,,"600 万元–2,350 万元",亏损,,
002529,2019-01-31,,-15500.0,,"13,000 万元–18,000 万元",亏损,,
002529,2023-01-31,,,,,,,
002529,2024-04-24,,,,,,,
002530,2017-01-17,,4907.5,,"4,400 万元~5,415 万元",扭亏为盈,,
002530,2020-04-24,-40000.0,-70000.0,"35,000 万元～45,000 万元","65,000 万元～75,000 万元",亏损,坏→更坏,0.0
002535,2018-01-31,4850.0,3350.0,4500 万元—5200 万元,3000 万元–3700 万元,亏损,坏→更坏,0.0
002535,2019-01-31,9175.0,3150.0,"8,300 万元—10,050 万元","2,300 万元至4,000 万元",其他,坏→更坏,0.0
002535,2026-04-28,-3100.0,,-3500 万元至-2700 万,,,,
002536,2020-01-23,,7350.0,,"6,200 万元～8,500 万元",同向上升,,
002537,2019-02-25,51743.225000000006,18627.56,"45,534.04 万元至57,952.41 万元","12,418.37 万元–24,836.75 万元",同向上升,坏→更坏,0.0
002537,2020-02-03,-11500.0,-202500.0,"5,000 万元-18,000 万元","180,000 万元–225,000 万元",亏损,坏→更坏,0.0
002537,2020-02-13,-11500.0,,"5,000万元-18,000万元",,,,
002542,2026-04-09,-70000.0,,"-60,000 万元至-80,000 万元",,,,
002544,2018-01-30,10644.689999999999,21874.645,"8,515.75万元至12,773.63万","19,021.43万元–24,727.86万元",扭亏为盈,好→更好,0.0
002544,2019-01-31,15129.564999999999,6051.825,"10,086.38万元至20,172.75万元","1,008.64万元–11,095.01万元",同向上升,坏→更坏,0.0
002544,2020-01-22,5856.755,3789.665,"5,512.24万元至6,201.27万元","3,445.15万元–4,134.18万元",同向上升,坏→更坏,0.0
002545,2017-02-28,,,,,,,
002547,2018-01-31,,-30000.0,,"34,000 万元–26,000 万元",亏损,,
002547,2023-04-20,,,,,,,
002548,2018-01-31,14294.04,10323.475,"11,911.7 万元 ~ 16,676.38 万元","9,529.36 万元 – 11,117.59 万元",同向上升,坏→更坏,0.0
002548,2019-01-29,3000.0,-26500.0,"2,000 万元 ~ 4,000 万元","24,000 万元-29,000 万元",亏损,坏→更坏,1.0
002548,2019-01-31,,,,,,,
002548,2021-04-28,11100.0,17500.0,"8,600 万元–13,600 万元","15,000 万元–20,000 万元",,好→更好,0.0
002551,2017-02-28,,,,,,,
002552,2021-03-23,,,350 万元-500 万元,350 万元–500 万元,,,
002554,2026-04-18,,,,,,,
002555,2019-01-31,,107500.0,,"100,000 万元–115,000 万元",,,
002556,2019-01-26,,13661.970000000001,,"12,295.77 万元–15,028.17 万元",同向下降,,
002559,2017-01-26,7356.96,10667.595,"5,885.57万元至8,828.35万元","9,564.05 万元—11,771.14 万元",扭亏为盈,好→更好,0.0
002560,2019-01-29,,180.4,,0 万元-360.80 万元,,,
002562,2017-01-18,13570.345000000001,16037.68,"12,336.68 万元~14,804.01 万元","14,804.01 万元–17,271.35 万元",扭亏为盈,好→更好,0.0
002562,2018-01-29,46947.119999999995,42755.415,"44,432.09 万元~49,462.15 万元","40,240.39 万元–45,270.44 万元",扭亏为盈,坏→更坏,0.0
002564,2017-01-26,-7500.0,-27500.0,"-9,000 万元至-6,000 万元","-30,000 万元 至-25,000 万元",亏损,坏→更坏,0.0
002564,2018-01-30,31000.0,22500.0,"27,000 万元至35,000 万元","20,000 万元 至25,000 万元",亏损,坏→更坏,0.0
002564,2019-01-31,22500.0,6000.0,"20,000 万元至25,000 万元","1,000 万元 至11,000 万元",同向上升,坏→更坏,0.0
002569,2017-01-21,-4150.0,725.0,"-4,500 万元至-3,800 万元",450 万元—1000 万元,同向上升,好→更好,1.0
002569,2018-01-31,-2750.0,-100.0,"-3,500 万元至-2,000 万元",-700 万元—500 万元,同向上升,好→更好,0.0
002569,2019-01-15,-150.0,-19150.0,-200 万元至500 万元,"18,500 万元至19,800 万元",亏损,坏→更坏,0.0
002570,2017-01-25,,-77500.0,,"75,000 万元– 80,000 万元",亏损,,
002570,2018-01-22,-42500.0,-90000.0,"35,000 万元～50,000 万元","80,000 万元–100,000 万元",亏损,坏→更坏,0.0
002570,2021-04-13,6700.0,,"5,400.00万元至8,000.00万元",,,,
002572,2019-01-30,108812.5,,"99,744.79 万元—117,880.21 万元",,扭亏为盈,,
002573,2018-01-31,,74420.14,,"63,257.12 万元—85,583.16 万元",同向下降,,
002574,2021-01-30,,,"3,500 万元至 5,000 万元","3,500 万元–5,000 万元",,,
002575,2019-01-31,450.0,760.0,400.00 万元至500.00 万元,660.00 万元—860.00 万元,,好→更好,0.0
002575,2020-04-30,-3125.0,-20000.0,"2,500 万元–3,750 万元","18,000 万元–22,000 万元",亏损,坏→更坏,0.0
002577,2019-01-31,2315.0,940.0,"2,080 万元至2,550 万元","660 万元 —1,220 万元",同向上升,坏→更坏,0.0
002581,2019-02-01,,,,,,,
002581,2023-04-22,,,,,,,
002583,2020-02-29,,,"48,000 万元-58,000 万元","48,000 万元-58,000 万元",亏损,,
002583,2024-04-27,7500.0,,"6,000 万元-9,000 万元",,,,
002585,2018-01-31,,,,,同向上升,,
002585,2019-01-31,,33950.0,,"32,100 万元–35,800 万元",扭亏为盈,,
002586,2018-01-31,,20473.66,,"18,612.42 万元-22,334.90 万元",,,
002586,2020-04-30,,-125000.0,,"150,000 万元-100,000 万元",,,
002586,2022-04-28,,15500.0,,"12,500 万元–18,500 万元",,,
002586,2024-04-30,,,"5,500 万元–8,000 万元","5,500 万元–8,000 万",,,
002588,2019-01-31,24401.285,23723.475,"21,690.03 万元至27,112.54 万元","20,334.41 万元至27,112.54 万元",同向上升,坏→更坏,0.0
002589,2019-01-31,,,,,,,
002590,2017-01-18,,12366.54,,"10,992.48 万元-13,740.60 万元",扭亏为盈,,
002590,2018-01-23,,13310.16,,"11,408.71 万元-15,211.61 万元",扭亏为盈,,
002590,2019-01-31,,,,,,,
002590,2020-01-15,,,,,扭亏为盈,,
002591,2017-01-26,,1250.0,,"1,000 万元至1,500 万元",亏损,,
002591,2018-01-31,,1500.0,,"1,200 万元至1,800 万元",同向下降,,
002592,2021-04-29,,-52000.0,,"45,000 万元–59,000 万元",,,
002596,2019-01-30,22000.0,14500.0,"18,000 万元-26,000 万元","12,000 万元至17,000 万元",同向上升,坏→更坏,0.0
002597,2017-01-17,45034.46,55756.95,"42,889.96 万元至47,178.96 万元","54,684.70 万元–56,829.20 万元",扭亏为盈,好→更好,0.0
002597,2018-01-20,91961.73,103250.0,"89,961.73 万元至93,961.73 万元","102,000.00 万元–104,500.00 万元",扭亏为盈,好→更好,0.0
002599,2018-01-31,,9500.0,,"9,000 万元—10,000 万元",同向上升,,
002600,2018-02-28,28500.0,,"24,000 万元至 33,000 万元",,同向上升,,
002601,2017-01-17,,49588.84,,"46,802.95 万元 — 52,374.73 万元",扭亏为盈,,
002602,2025-04-12,195000.0,,"160,000万元-230,000万元",,,,
002604,2018-04-25,,,,,,,
002606,2017-01-26,8300.0,9150.0,7500 万元至9100 万元,8600 万元～9700 万元,扭亏为盈,好→更好,0.0
002607,2019-01-29,5509.014999999999,113000.0,"4,407.21万元至6,610.82 万元","110,000 万元–116,000 万元",,好→更好,0.0
002609,2019-01-31,15666.300000000001,11488.619999999999,"10,444.20 万元～20,888.40 万元","8,355.36 万元～14,621.88 万元",同向上升,坏→更坏,0.0
002609,2023-04-15,,,"2,500 万元至3,500 万元","2,500 万元~3,500 万",,,
002610,2018-01-31,18000.0,12500.0,"15,000 万元至21,000 万元","10,000 万元至15,000 万元",,坏→更坏,0.0
002610,2021-04-29,,,"4,000 万元—6,000 万元","4,000 万元—6,000 万元",,,
002611,2019-01-31,60135.095,-367976.0,"55,033.91万元至65,236.28万元","294,381 万元～441,571 万元",亏损,坏→更坏,1.0
002611,2019-03-06,,,,,,,
002612,2023-03-21,,,,,,,
002615,2019-01-28,14274.145,10980.11,"12,627.13 万元至15,921.16 万元","9,882.10 万元至12,078.12 万元",,坏→更坏,0.0
002616,2019-01-24,,16859.225000000002,,"16,202.37 万元～17,516.08 万元",扭亏为盈,,
002617,2017-01-26,9160.195,6500.0,"8,320.39 万元-10,000 万元",5500 万元–7500 万元,同向上升,坏→更坏,0.0
002617,2019-01-30,21500.0,-50000.0,"18,000 万元至25,000 万元",45000 万元 至55000 万元,亏损,坏→更坏,1.0
002618,2021-04-27,3121.0,-2750.0,"2,621 万元–3,621 万元","2,250 万元–3,250 万元",亏损,坏→更坏,1.0
002619,2022-03-16,,,,,亏损,,
002620,2023-04-18,,,,,,,
002621,2024-04-27,,,,,,,
002622,2017-02-03,6461.5,2600.0,"5,200 万元至7,723 万元","2,000 万元–3,200 万元",同向下降,坏→更坏,0.0
002622,2018-01-23,,7365.0,,"7,130 万元至7,600 万元",同向上升,,
002622,2019-01-31,10790.0,7210.0,"9,000 万元至12,580 万元","5,420.00 万元–9,000.00 万元",同向下降,坏→更坏,0.0
002623,2017-01-26,6750.0,3000.0,"6,000 万元至7,500 万元","2,500 万元-3,500 万元",同向上升,坏→更坏,0.0
002623,2019-01-31,,8400.0,,"8,000 万元-8,800 万元",亏损,,
002623,2020-01-31,750.0,-3500.0,"500 万元至1,000 万元","3,000 万元至 4,000 万元",亏损,坏→更坏,1.0
002628,2017-01-18,,4550.0,,4100 万元—5000 万元,扭亏为盈,,
002629,2017-01-12,,2750.0,,2500 万元–3000 万元,,,
002629,2018-01-31,,550.0,,300 万元–800 万元,同向上升,,
002629,2019-01-31,,-58700.0,,"51,000.00 万元– 66,400.00 万元",亏损,,
002629,2022-03-16,,,,,,,
002630,2019-01-31,18306.895,6000.0,"13,489.29 万元至23,124.50 万元","4,000 万元至8,000 万元",同向上升,坏→更坏,0.0
002630,2024-04-26,,,,,亏损,,
002630,2025-04-26,,,,,亏损,,
002631,2018-01-31,,11462.595,,"7,641.73 万元—15,283.46 万元",同向上升,,
002634,2019-01-22,3619.6000000000004,2171.7599999999998,"2,413.07 万元至4,826.13 万元","1,447.84 万元–2,895.68 万元",同向上升,坏→更坏,0.0
002634,2025-04-03,-37500.0,,"30,000 万元–45,000 万元",,,,
002636,2017-01-18,24624.875,33825.375,"23,271.86万元至25,977.89万元","32,472.36 万元～35,178.39 万",扭亏为盈,好→更好,0.0
002636,2023-04-15,,,,,,,
002637,2017-01-25,,15125.0,,"14,750万元～15,500万元",扭亏为盈,,
002638,2018-01-31,,8500.0,,"7,000 万元—10,000 万元",扭亏为盈,,
002638,2019-01-31,7156.719999999999,-135000.0,"5,051.80 万元至 9,261.64万元","120,000 万元—150,000 万元",亏损,坏→更坏,1.0
002638,2021-01-30,-2550.0,,"-3,500 万元至-1,600 万元",,,,
002640,2020-04-30,,,,,,,
002640,2021-04-30,12500.0,-340000.0,"10,000 万元-15,000 万元","300,000 万元-380,000 万元",,坏→更坏,1.0
002640,2023-04-15,,,500 万元-700 万元,500 万元-700 万元,,,
002641,2017-01-14,,20752.949999999997,,"19,455.89 万元至22,050.01 万元",同向上升,,
002642,2019-01-31,,,"4,000 万元至8,000 万元","4,000 万元至8,000 万元",亏损,,
002644,2017-12-08,7006.514999999999,8225.045,"6,092.62 万元至7,920.41 万元","7,311.15 万元– 9,138.94 万元",扭亏为盈,好→更好,0.0
002646,2018-01-31,,-9750.0,,"8,500 万元 至 11,000 万元",亏损,,
002646,2019-01-31,8500.0,10750.0,"7,500 万元至9,500 万元","9,500 万元–12,000 万元",亏损,好→更好,0.0
002647,2017-01-25,,14000.0,,13800 万元-14200 万元,扭亏为盈,,
002647,2018-01-31,3750.0,-22500.0,"1,500 万元至6,000 万元","20,000 万元–25,000 万元",亏损,坏→更坏,1.0
002648,2017-01-12,17500.0,30000.0,"15,000.00万元至20,000.00万元","25,000万元至35,000万元",扭亏为盈,好→更好,0.0
002649,2019-01-30,25029.120000000003,23940.895,"21,764.45 万元至28,293.79 万元","20,676.23 万元–27,205.56 万元",同向下降,坏→更坏,0.0
002655,2018-01-17,,,,,,,
002656,2017-02-03,,,,,,,
002656,2021-01-29,,,-600 万元至600 万元,-600 万元—600 万元,,,
002657,2018-01-31,17793.39,-19572.5,"14,234.71 万元至21,352.07 万元","-24,021 万元– -15,124 万元",亏损,坏→更坏,1.0
002657,2022-04-20,6753.285,,"5,402.63万元-8,103.94万元",,,,
002659,2017-01-25,,-9150.0,,"8,500 万元–9,800 万元",亏损,,
002660,2017-01-21,,600.0,,200 万元–1000 万元,同向上升,,
002660,2019-01-31,,,,,亏损,,
002661,2018-01-31,15076.904999999999,,"12,335.65 万元～17,818.16 万元",,,,
002662,2018-01-31,70000.0,40000.0,"65,000 万元～75,000 万元","35,000 万元-45,000 万元",同向上升,坏→更坏,0.0
002662,2022-03-17,21500.0,,"20,000 万元-23,000 万元",,,,
002663,2019-01-31,12910.2,5315.965,"10,631.93 万元至15,188.47 万元","3,037.69 万元至7,594.24 万元",同向上升,坏→更坏,0.0
002663,2024-04-12,,,,,,,
002663,2025-04-12,-18750.0,,"15,000 万元–22,500 万元",,,,
002665,2018-01-31,15503.59,12402.869999999999,"13,953.23万元—17,053.95万元","9,302.15 万元—15,503.59 万元",同向上升,坏→更坏,0.0
002665,2021-01-30,,,"-28,000.00 万元至-20,000.00 万","20,000 万元–28,000 万",,,
002667,2017-01-24,,,,,亏损,,
002668,2019-01-30,32426.82,-141007.645,"30,519.36 万元—34,334.28 万元","124,222.49万元-157,792.80万元",亏损,坏→更坏,1.0
002668,2021-04-20,,11228.8,,"7,488.80 万元–14,968.80 万元",,,
002669,2018-01-20,6403.445,4503.07,"4,544.38万元至8,262.51万元","4,213.88 万元–4,792.26 万元",同向上升,坏→更坏,0.0
002671,2019-01-31,,-7400.0,,"9,800 万元—5,000 万元",亏损,,
002672,2019-01-31,,44970.72,,"40,236.96 万元 - 49,704.48 万元",,,
002674,2017-01-21,4987.465,6317.455,"4,654.97 万元至5,319.96 万元","5,984.96 万元至6,649.95 万元",扭亏为盈,好→更好,0.0
002674,2019-01-10,,12186.965,,"11,284.23 万元–13,089.70 万元",扭亏为盈,,
002676,2018-01-23,,,"153.98万元至1,077.88万元","153.98万元~1,077.88万元",亏损,,
002676,2019-01-30,,,"2,500万元至3,500万元","2,500万元~3,500万元",扭亏为盈,,
002679,2018-01-31,2600.0,5300.0,2000 万元～3200 万元,4700 万元–5900 万元,扭亏为盈,好→更好,0.0
002681,2019-01-31,3000.0,-75500.0,"1,000 万元至5,000 万元","72,000 万元至79,000 万元",亏损,坏→更坏,1.0
002684,2018-01-31,22345.0,12345.0,"20,000 万元至24,690 万元","10,000 万元–14,690 万元",扭亏为盈,坏→更坏,0.0
002684,2019-01-31,-120000.0,-205000.0,"100,000 万元至140,000 万元","190,000 万元–220,000 万元",亏损,坏→更坏,0.0
002685,2019-01-26,,31500.0,,30500 万元— 32500 万元,同向上升,,
002686,2019-01-31,12647.575,4215.860000000001,"9,837 万元至15,458.15 万元","1,405.29 万元– 7,026.43 万元",同向上升,坏→更坏,0.0
002688,2018-01-11,16412.92,13130.335,"13,130.34万元至19,695.50万元","11,489.04万元—14,771.63万元",同向上升,坏→更坏,0.0
002689,2018-01-31,7363.42,,"7,012.78 万元-7,714.06 万元",,同向上升,,
002689,2024-04-23,,,,,,,
002691,2017-01-26,,1081.6950000000002,,"480.75 万元–1,682.64 万元",同向上升,,
002691,2026-04-24,-5600.0,7000.0,"4,800 万元-6,400万元","6,500 万元-7,500 万元",,好→更好,1.0
002692,2020-01-22,,1250.0,,500 万元–2000 万元,亏损,,
002693,2017-01-14,-24500.0,-38750.0,"23,000 万元至26,000 万元","38,000 万元–39,500 万元",亏损,坏→更坏,0.0
002694,2018-01-31,,12531.265,,"11,536.72 万元-13,525.81 万元",扭亏为盈,,
002694,2019-01-31,,-9000.0,,"7,000 万元-11,000 万元",亏损,,
002696,2019-01-31,20375.98,5500.0,"19,243.98万元至21,507.98万元",3000 万元—8000 万元,同向上升,坏→更坏,0.0
002696,2020-01-31,,,,,亏损,,
002696,2021-01-30,3750.0,,"3,000 万元至4,500 万元",,,,
002697,2017-01-24,,16443.31,,"14,427.10 万元至18,459.52 万",同向上升,,
002697,2018-01-23,,16235.625,,"15,153.25 万元-17,318.00 万元",扭亏为盈,,
002702,2018-01-31,-750.0,,"-1,500万元至0万元",,同向上升,,
002703,2018-01-30,,4126.6900000000005,,"3,174.38 万元-5,079.00 万元",同向上升,,
002703,2019-01-30,-1350.0,489.84,"-1,800.00 万元至-900.00 万元",0.00 万元-979.68 万元,同向上升,好→更好,1.0
002707,2019-01-31,23262.4,4652.4800000000005,"18,609.92 万元至27,914.88 万元","3,489.36 万元-5,815.60 万元",,坏→更坏,0.0
002708,2019-01-31,1054.885,-9400.0,"904.07万元至1,205.70万元","9,000万元–9,800万元",,坏→更坏,1.0
002709,2017-01-24,,39324.619999999995,,"37,831.28 万元至40,817.96 万元",扭亏为盈,,
002709,2020-01-21,,1500.0,,"1,200 万元至1,800 万元",同向上升,,
002711,2018-04-25,,,,,,,
002711,2019-01-31,15755.895,-29250.0,"13,655.11 万元至17,856.68 万元","23,500 万元–35,000 万元",,坏→更坏,1.0
002711,2020-01-23,-11500.0,5500.0,"-15,000 万元至-8,000 万","4,500 万元–6,500 万元",,好→更好,1.0
002714,2019-01-08,,52500.0,,"50,000 万元–55,000 万元",,,
002715,2019-01-26,1350.0,1050.0,1200 万元至1500 万元,900 万元 - 1200 万元,,坏→更坏,0.0
002716,2019-02-01,,13940.02,,11405.47 万元—16474.57 万元,同向上升,,
002719,2018-01-31,2811.24,1750.0,"2,530.12 万元至3,092.36 万","1,500 万元–2,000 万元",同向上升,坏→更坏,0.0
002719,2019-02-02,2354.425,-12750.0,"1,883.54 万元至2,825.31 万元","8,500 万元–17,000 万元",亏损,坏→更坏,1.0
002719,2020-02-03,,600.0,,400 万元-800 万元,亏损,,
002719,2021-01-30,,1500.0,,"1,200 万元-1,800 万元",扭亏为盈,,
002721,2019-01-31,3500.0,-1250.0,"1,000万元—6,000万元","-4,500万元 — 2,000万元",亏损,坏→更坏,1.0
002722,2018-01-25,,9361.5,,"7,489 万元至11,234 万元",,,
002723,2018-01-31,,,,,,,
002725,2019-01-30,3424.825,4778.82,"3,026.59 万元至3,823.06 万元","4,539.88 万元 – 5,017.76 万元",同向上升,好→更好,0.0
002725,2023-04-11,,,,,,,
002727,2018-11-02,50725.69,52839.26,"42,271.41 万元至59,179.97 万元","48,612.12 万元–57,066.40 万元",,好→更好,0.0
002729,2018-01-23,,2247.515,,"2,140.49 万元– 2,354.54 万元",扭亏为盈,,
002731,2017-01-26,3360.0,6042.0,"2,560 万元至4,160 万元",5136 万元–6948 万元,同向下降,好→更好,0.0
002731,2019-01-31,5630.504999999999,2900.0,"4,379.28 万元至6,881.73 万元",2610 万元–3190 万元,同向上升,坏→更坏,0.0
002739,2019-01-31,151567.52,133379.415,"136,410.77 万元至166,724.27 万元","128,832.39 万元至137,926.44 万元",同向上升,坏→更坏,0.0
002740,2019-01-30,,4525.555,,"3,017.04万元至6,034.07万元",,,
002740,2021-04-28,90000.0,-89800.0,"85,000 万元至 95,000 万元","84,600 万元–95,000 万元",,坏→更坏,1.0
002746,2017-01-25,20500.0,24500.0,"20,000 万元至21,000 万元","24,000 万元–25,000 万元",扭亏为盈,好→更好,0.0
002746,2018-01-25,8500.0,10500.0,"7,000 万元至10,000 万元","9,000 万元–12,000 万元",同向上升,好→更好,0.0
002746,2019-01-30,32500.0,40000.0,"30,000 万元至35,000 万元","38,000 万元–42,000 万元",扭亏为盈,好→更好,0.0
002750,2020-04-14,505.18,-2391.5550000000003,404.15 万元至606.21 万元,"2,207.59 万元至2,575.52 万元",亏损,坏→更坏,1.0
002753,2017-01-24,,7900.0,,"7,600 万元–8,200 万元",扭亏为盈,,
002753,2018-01-30,19750.0,22750.0,"18,000 万元至21,500 万元","21,000 万元–24,500 万元",扭亏为盈,好→更好,0.0
002753,2023-04-22,,,5600 万元–6600 万元,5600 万元–6600 万元,,,
002755,2019-01-22,1700.0,67700.0,"1,430 万元至1,970 万元","66,200 万元–69,200 万元",,好→更好,0.0
002756,2017-12-22,31700.625,35504.7,"27,896.55 万元至35,504.70 万元","32,968.65 万元–38,040.75 万元",扭亏为盈,好→更好,0.0
002757,2017-01-07,5640.85,6267.610000000001,"5,014.09 万元-6,267.61 万元","5,515.50 万元–7,019.72 万元",扭亏为盈,好→更好,0.0
002759,2017-01-24,5957.38,7625.445,"5,063.77万元至6,850.99万元",6910.56 万元–8340.33 万元,同向上升,好→更好,0.0
002760,2017-01-26,1225.0,1075.0,"1,050 万元至 1,400 万元",950 万元–1200 万元,,坏→更坏,0.0
002760,2018-01-25,-1900.0,-3059.505,"-2,300 万元至-1,500 万元","2,803.76 万元–3,315.25 万元",,坏→更坏,0.0
002760,2019-01-30,2350.0,3000.0,"1,900 万元至2,800 万元","2,700 万元–3,300 万元",,好→更好,0.0
002761,2019-01-15,4974.545,3123.545,"4,396.11 万元至5,552.98 万元","2,545.11 万元-3,701.98 万元",,坏→更坏,0.0
002762,2018-01-30,,9458.24,,"8,730.68 万元至10,185.80 万元",扭亏为盈,,
002762,2019-01-31,9156.71,7325.370000000001,"8,241.04 万元至10,072.38 万元","6,409.70 万元–8,241.04 万元",同向上升,坏→更坏,0.0
002765,2019-01-31,5650.695,1255.71,"3,767.13 万元～7,534.26 万元","0.00 万元～2,511.42 万元",,坏→更坏,0.0
002765,2020-01-23,-6750.0,-14250.0,"-7,500.00 万元～-6,000.00 万元","13,500.00 万元～15,000.00 万元",,坏→更坏,0.0
002765,2021-01-30,,6000.0,,"5,000 万元–7,000 万元",,,
002766,2019-01-31,1500.0,-31500.0,"500 万元至2,500 万元","25,000 万元–38,000 万元",,坏→更坏,1.0
002766,2021-01-30,-27500.0,,"30,000 万元–25,000 万元",,,,
002766,2021-03-24,,-80000.0,,"-95,000 万元–-65,000 万元",其他,,
002769,2026-04-22,,,,,,,
002770,2017-01-26,10634.48,9667.71,"9,667.71 万元至11,601.25 万元",8700.94 万元–10634.48 万元,,坏→更坏,0.0
002772,2020-01-14,3750.0,6950.0,"3,000.00 万元–4,500.00 万元","6,400.00 万元–7,500.00 万元",同向上升,好→更好,0.0
002775,2025-04-04,-10375.0,,"-11,250万元至-9,500万",,,,
002776,2019-01-16,,,,,扭亏为盈,,
002776,2021-04-30,-77500.0,,"88,000 万元-67,000 万元",,亏损,,
002776,2023-04-06,,11500.0,,"11,000 万元-12,000 万元",亏损,,
002777,2017-01-14,,,,,扭亏为盈,,
002778,2019-01-29,,2146.925,,1686.87 万元–2606.98 万元,,,
002780,2018-01-31,1050.0,-375.0,200万元至1900万元,"-1,250万元 至 500万元",同向上升,坏→更坏,1.0
002780,2021-04-13,3400.0,-3400.0,"2,900 万元至3,900 万元","2,900 万元–3,900 万元",,坏→更坏,1.0
002781,2022-04-26,,,,,,,
002781,2023-04-26,,-2750.0,,2000 万元–3500 万元,,,
002782,2017-02-28,6862.355,,"6,290.49 万元至7,434.22 万元",,扭亏为盈,,
002782,2022-04-15,9000.0,,"8,000 万元 — 10,000 万元",,,,
002785,2018-01-31,2500.0,1850.0,"2,200 万元—2,800 万元","1,600 万元–2,100 万元",,坏→更坏,0.0
002785,2018-04-27,,,,,,,
002787,2019-01-28,7929.19,5800.0,"6,529.92 万元至9,328.46 万元","4,800 万元—6,800 万元",同向上升,坏→更坏,0.0
002789,2023-04-15,1250.0,,"1,000 万元–1,500 万元",,,,
002798,2019-01-19,,37349.695,,"35,986.57 万元-38,712.82 万元",,,
002798,2022-04-23,,,,,,,
002800,2018-01-31,5490.0,4164.0,4600 万元至6380 万元,3721 万元—4607 万元,扭亏为盈,坏→更坏,0.0
002800,2020-01-31,3200.0,2250.0,"2,700 万元至3,700 万元",1800 万元—2700 万元,扭亏为盈,坏→更坏,0.0
002800,2023-04-26,1300.0,,"1,100 万元至1,500 万元",,,,
002808,2018-01-31,,3283.775,,"2,668.07 万元–3,899.48 万元",同向上升,,
002811,2017-01-25,11505.535,9040.06,"9,861.89万元至13,149.18万元","7,122.47 万元至10,957.65 万元",,坏→更坏,0.0
002811,2018-01-27,8230.115,10520.404999999999,"6,749.09万元至9,711.14万元","8,901.88 万元至12,138.93 万元",,好→更好,0.0
002813,2017-02-20,,2535.0,,"902万元至4,168万元",同向上升,,
002813,2019-01-26,-3500.0,1600.0,3000万元至4000万元,1000万元至2200万元,同向上升,好→更好,1.0
002813,2020-01-21,-13500.0,15000.0,"-12,000万元至-15,000万元","13,000万元至17,000万元",亏损,好→更好,1.0
002813,2020-04-20,-22500.0,-33000.0,"18,000万元至27,000万元","30,000万元至36,000万元",亏损,坏→更坏,0.0
002813,2020-12-01,-6000.0,,"-7,000万元至-5,000万元",,亏损,,
002816,2017-01-24,3900.0,3150.0,"3,650 万元至4,150 万元","3,000 万元–3,300 万元",,坏→更坏,0.0
002816,2019-01-31,,,,,,,
002816,2021-04-15,,,500 万元至 750 万元,500 万元– 750 万元,,,
002816,2023-04-06,-7700.0,,"6,400 万元至9,000 万元",,,,
002816,2025-04-29,,-1100.0,,"4,300 万元--6,500 万",,,
002823,2022-01-18,1200.0,,"900 万元–1,500 万",,,,
002824,2019-01-30,3400.0,2100.0,"2,800 万元～4,000 万元","1,700 万元– 2,500 万元",同向下降,坏→更坏,0.0
002829,2019-01-31,,2150.0,,1800 万元至2500 万元,同向上升,,
002831,2018-01-09,,93168.0,,"91,856 万元–94,480 万元",扭亏为盈,,
002831,2019-01-19,,95519.85,,"93,190.1 万元–97,849.6 万元",同向下降,,
002836,2021-04-21,-8800.0,,"7,550.00 万元–10,050.00 万元",,扭亏为盈,,
002840,2019-01-31,13622.265,15280.630000000001,"12,437.72万元—14,806.81万元","13,977.63万元—16,583.63万元",,好→更好,0.0
002840,2022-02-26,1250.0,,"1,000万元-1,500 万元",,,,
002847,2019-01-31,,,,,扭亏为盈,,
002848,2018-01-31,,2402.5,,"1,500.00 万元至3,305.00 万元",,,
002848,2019-01-31,-4050.0,-6600.0,"-5,265 万元至-2,835 万元","5,500 万元至7,700 万元",,坏→更坏,0.0
002848,2023-03-29,300.0,,240 万元- 360 万元,,,,
002850,2018-01-27,23266.775,17250.0,"19,776.76 万元—26,756.79 万元","16,500 万元—18,000 万元",同向下降,坏→更坏,0.0
002853,2018-01-31,12255.585,10723.64,"10,942.49 万元至13,568.68 万元","10,067.09 万元至11,380.19 万元",,坏→更坏,0.0
002855,2023-04-21,,,,,,,
002856,2020-04-01,835.0,-1600.0,"670 万元–1,000 万元","1,300 万元–1,900 万元",,坏→更坏,1.0
002856,2026-03-18,-9375.0,,"-11,250 万元至-7,500 万元",,,,
002858,2019-01-31,5500.0,4381.22,"4,800万元至6,200万元","4,077.73 万元–4,684.71 万元",扭亏为盈,坏→更坏,0.0
002862,2022-04-28,,,,,,,
002863,2019-01-23,7427.0,6700.0,6940万元—7914万元,6350 万元—7050 万元,扭亏为盈,坏→更坏,0.0
002868,2025-04-24,,,"43,000 万元–35,000 万元","43,000 万元–35,000 万元",,,
002871,2019-01-30,6527.725,7590.375,"6,072.30 万元至6,983.15 万元","7,286.76 万元–7,893.99 万元",扭亏为盈,好→更好,0.0
002875,2018-01-29,8900.71,7120.5650000000005,"8,307.33 万元至9,494.09 万元","6,329.39 万元～7,911.74 万元",,坏→更坏,0.0
002875,2022-03-26,1700.0,,"1,400 万元–2,000 万元",,,,
002884,2018-01-30,14500.0,18011.0,"13,000 万元至16,000 万元","15,760 万元– 20,262 万元",,好→更好,0.0
002888,2023-04-18,,,150 万元–350 万元,150 万元–350 万,,,
002898,2021-04-27,,-6400.0,,"-7,500 万元– -5,300 万元",同向上升,,
002898,2022-04-21,,-1312.5,,"875 万元–1,750 万元",,,
002898,2023-04-15,-2000.0,26000.0,"1,500 万元至2,500 万","25,000 万元–27,000 万元",,好→更好,1.0
002898,2025-03-15,,610.0,,510 万元–710 万,,,
002903,2020-01-21,,500.0,,400 万元–600 万元,,,
002906,2019-01-30,5500.0,-500.0,"4,000 万元至7,000 万元","-4,000 万元 至 5,000 万元",同向下降,坏→更坏,1.0
002916,2019-01-08,58250.695,69452.76000000001,"53,769.87 万元至 62,731.52 万元","67,212.35 万元-71,693.17 万元",扭亏为盈,好→更好,0.0
002922,2020-12-31,,,"13,500万元至15,000万元","13,500 万元—15,000 万元",同向上升,,
002927,2026-04-11,1000.0,,"850 万元至1,150 万元",,,,
002932,2019-01-29,7204.1849999999995,6221.795,"6,549.26 万元至 7,859.11 万元","5,894.33 万元–6,549.26 万元",,坏→更坏,0.0
002932,2026-03-23,1500.0,6250.0,"1,200 万元~1,800 万元","5,000 万元-7,500 万元",,好→更好,0.0
002936,2019-01-28,449402.5,301741.69999999995,"428,002.4 万元至470,802.6 万元","291,041.6 万元至312,441.8 万元",同向上升,坏→更坏,0.0
002940,2021-01-29,,20209.0,,"18,525 万元–21,893 万元",,,
002943,2020-03-10,2200.0,1475.0,"1900 万元–2,500 万元","1,350.00 万元–1,600.00 万元",同向上升,坏→更坏,0.0
002945,2024-03-19,,,,,,,
002957,2022-04-25,6750.0,,"5,500 万元-8,000 万元",,,,
002996,2025-04-01,8950.0,,"7,400 万元—10,500 万元",,,,
003003,2023-04-25,750.0,-350.0,600 万元-900 万元,300 万元-400 万,,坏→更坏,1.0
003004,2025-04-30,-2500.0,,"2,200 万元–2,800 万元",,,,
003012,2022-04-23,4250.0,,"3,400 万元–5,100 万元",,,,
200468,2017-04-24,650.0,,500 万元–800 万元,,,,
300002,2017-01-26,,57971.295,,"52,701.17万元—63,241.42万元",,,
300010,2024-03-22,35000.0,3150.0,"32,000.00 万元—38,000.00 万元","2,870.00万元—3,430.00万元",,坏→更坏,0.0
300013,2022-03-03,-10750.0,,"8,000 万元–13,500 万元",,,,
300022,2021-04-21,,,500 万元-700 万元,500 万元–700 万元,,,
300022,2025-01-24,,,,,,,
300024,2021-03-31,15817.9,,"12,888.66 万元 – 18,747.14 万元",,,,
300025,2019-01-30,350.0,1000.0,100 万元～600 万元,750 万元–1250 万元,,好→更好,0.0
300025,2019-01-31,350.0,1000.0,100 万元～600 万元,750 万元–1250 万元,,好→更好,0.0
300026,2025-04-22,,,,,,,
300029,2018-01-31,750.0,6750.0,500万元～1000万元,6500 万元～7000 万元,亏损,好→更好,0.0
300029,2020-02-26,5750.0,-7750.0,5500万元～6000万元,7500 万元～8000 万元,亏损,坏→更坏,1.0
300029,2021-04-21,,7071.5,,5994 万元–8149 万,,,
300029,2025-03-12,,,,,,,
300029,2026-04-28,,,,,,,
300032,2022-04-19,-7700.0,250.0,"4,100 万元—11,300 万元",200 万元—300 万元,,好→更好,1.0
300044,2022-04-21,108955.0,,"100,100.00 万元至117,810.00 万元",,,,
300044,2023-04-25,35810.0,,"29,560.00 万元至42,060.00 万元",,,,
300053,2021-01-29,13600.0,,"12,000 万元–15,200 万元",,亏损,,
300061,2019-04-19,,,,,,,
300062,2018-04-23,,,,,,,
300064,2020-04-04,8188.9,-500000.0,"6,743.80 万元～9,634.00 万元","450,000.00 万元～550,000.00 万元",,坏→更坏,1.0
300068,2018-01-16,54341.66,41167.925,"49,401.51 万元～59,281.81 万元","36,227.77 万元～46,108.08 万元",,坏→更坏,0.0
300071,2024-04-23,,,,,,,
300076,2018-01-31,-10700.0,-10704.0,"-11,700 万元至-9,700 万元","-10,954 万元至-10,454 万元",亏损,坏→更坏,0.0
300076,2026-04-17,,12300.0,,"10,200 万元-14,400 万元",,,
300077,2019-02-28,2250.0,-46250.0,"2,000.00 万元—2,500.00 万元","46,000.00 万元—46,500.00 万元",,坏→更坏,1.0
300080,2021-02-01,1750.0,,"1,500 万元至2,000 万元",,,,
300080,2021-03-29,-13475.0,625.0,"13,350 万元–13,600 万元",500 万元–750 万元,,好→更好,1.0
300082,2023-04-17,,,,,,,
300084,2022-04-16,,28550.0,,"28,400 万元–28,700 万元",,,
300085,2020-04-29,,,,,同向上升,,
300092,2017-01-20,2350.0,,2100万元—2600万元,,亏损,,
300093,2025-04-29,-69000.0,,"-62,000 万元至-76,000 万元",,,,
300094,2022-04-18,-750.0,,"500万元-1,000万元",,,,
300094,2023-04-18,3350.0,,"2,700 万元至 4,000 万元",,,,
300094,2024-04-19,-41500.0,,"36,000万元至47,000万元",,,,
300096,2024-03-25,74500.0,,"65,000.00 万元–84,000.00 万元",,,,
300103,2022-04-12,8250.0,,"6,850 万元-9,650 万元",,,,
300105,2018-01-09,,,,,,,
300105,2020-01-13,,1325.0,,1200 万元–1450 万元,,,
300105,2022-04-01,500.0,,400 万元–600 万元,,,,
300109,2022-04-20,1550.0,,"1,400 万元–1,700 万元",,,,
300116,2024-04-25,-17250.0,,"14,800.00 万元–19,700.00 万元",,,,
300125,2017-02-28,,,,,,,
300125,2024-04-10,,,,,,,
300128,2019-01-31,,8500.0,,"7,000 万元至10,000 万元",亏损,,
300130,2020-01-21,11370.65,24500.0,"9,491.3 万元至13,250 万元","23,000 万元 至26,000 万元",,好→更好,0.0
300140,2020-04-24,-392.0450000000001,-250.0,3817.58 万元--4601.67 万元,3000 万元--3500 万元,亏损,好→更好,0.0
300142,2018-01-13,4050.0,-53600.0,"3,000万元～5,100万元","53,350 万元～53,850 万元",亏损,坏→更坏,1.0
300147,2026-04-22,,,,,,,
300152,2018-10-12,,,,,,,
300152,2018-10-15,,,"-6,700 万元至 -6,200 万元","-6,700 万元至 -6,200 万元",亏损,,
300152,2025-04-22,,,,,,,
300155,2024-04-17,-1625.0,,"1,300 万元–1,950 万元",,,,
300159,2021-04-15,105000.0,115000.0,"90,000 万元至120,000 万元","107,000 万元–123,000 万",,好→更好,0.0
300162,2017-02-28,5351.565,4392.495,"5,048.65 万元 –5,654.48 万元","4,093.01 万元 –4,691.98 万元",,坏→更坏,0.0
300163,2018-03-30,,,,,,,
300163,2020-01-16,,2982.13,,2737.13 万元-3227.13 万元,亏损,,
300163,2020-04-16,,,,,,,
300163,2024-04-24,-731.73,,-975.53 万元至-487.93 万元,,,,
300163,2025-03-27,1072.4,,858.40 万元至1286.40 万元,,,,
300164,2020-04-20,9150.0,4550.0,"8,900万元—9,400万元","4,300万元—4,800万元",,坏→更坏,0.0
300166,2024-04-09,-30500.0,,"26,000 万元–35,000 万元",,,,
300167,2020-01-23,1550.0,2250.0,"1,300万元-1,800万元","2,000 万元—2,500 万元",亏损,好→更好,0.0
300167,2024-04-23,,,,,,,
300167,2026-04-27,,,,,,,
300169,2018-04-13,,,,,,,
300169,2026-04-23,2600.0,,"2,100 万元至3,100 万元",,,,
300173,2020-01-23,2450.0,1450.0,"2,200 万元—2,700 万元","1,200 万元—1,700 万元",,坏→更坏,0.0
300173,2020-04-27,1450.0,-14889.0,"1,200 万元—1,700 万元","14,639 万元—15,139 万元",,坏→更坏,1.0
300174,2019-01-31,9491.955,8031.66,"9,005.19万元-9,978.72万元","7,301.51 万元-8,761.81 万元",扭亏为盈,坏→更坏,0.0
300175,2021-04-26,-8351.0,-8600.0,"7,351 万元-9,351 万元","7,600 万元-9,600 万元",,坏→更坏,0.0
300180,2020-04-24,,25110.81,,"20,679.49 万元- 29,542.13 万元",同向上升,,
300182,2021-04-23,-40500.0,,"33,000 万元至48,000 万元",,,,
300199,2021-04-10,2500.0,75000.0,"2,000万元–3,000万元","70,000 万元–80,000 万元",,好→更好,0.0
300205,2022-04-26,6950.0,,"5,600 万元至8,300 万元",,,,
300209,2024-04-23,-31500.0,-47300.0,"27,000 万元–36,000 万元","42,600 万元–52,000 万元",,坏→更坏,0.0
300221,2018-12-26,,,,,,,
300222,2022-03-25,,,,,,,
300227,2025-03-14,,,500 万元～750 万元,500 万元～750 万元,,,
300232,2021-04-06,24000.0,,"20,000 万元—28,000 万元",,,,
300237,2022-04-18,-25000.0,,"21,000万元–29,000万元",,,,
300237,2022-04-22,,-25000.0,,21000 万元~29000 万元,,,
300241,2020-02-10,-12000.0,,"-10,500 万元至-13,500 万元",,亏损,,
300245,2021-04-15,,,"6,300万元–7,200万","6,300万元–7,200万元",扭亏为盈,,
300251,2022-04-22,-2500.0,67000.0,"17,000 万元--22,000 万元","63,000 万元-71,000 万元",,好→更好,1.0
300255,2025-04-22,-15000.0,,"12,000 万元–18,000 万元",,,,
300256,2023-04-25,13750.0,,"11,000 万元至16,500 万元",,,,
300262,2018-02-28,23601.775,16204.2,"21,840.45 万元-25,363.10 万元","14,090.61 万元–18317.79 万元",,坏→更坏,0.0
300262,2021-03-31,,,45 万元至67 万元,45 万-67 万,,,
300262,2022-04-25,,,,,,,
300265,2020-02-28,,,3732 万元—4665 万元,3732 万元—4665 万元,同向上升,,
300269,2023-04-20,-3750.0,-5500.0,"3,000 万元-4,500 万元","4,500 万元-6,500 万元",,坏→更坏,0.0
300270,2020-01-21,637.755,-8150.0,158.81万元～1116.70万元,8400.00 万元～7900.00 万元,亏损,坏→更坏,1.0
300270,2020-02-05,,,,,,,
300272,2021-04-13,,,"1,350 万元至2,000 万元","1,350 万元–2,000 万元",同向上升,,
300278,2021-04-22,,-20050.0,,"-29,650 万元至-10,450 万元",,,
300279,2021-04-19,1650.0,265.0,"1,450 万元–1,850 万元",250 万元-280 万元,同向下降,坏→更坏,0.0
300280,2018-02-28,,590.0,,560.00万元至620.00万元,,,
300281,2023-03-17,247.575,,198.06 万元–297.09 万元,,,,
300289,2021-04-16,,,550 万元-800 万元,550万元至800万元,,,
300297,2021-04-30,,,"2,000.00 万元–3,000.00 万元","2,000.00 万元–3,000.00 万元",,,
300299,2021-04-16,3800.0,,"3,100 万元—4,500 万元",,,,
300300,2020-02-28,,-74750.0,,"74,500 万元–75,000 万元",亏损,,
300301,2017-02-28,6250.0,-5450.0,"5,500万元至7,000万元","5,200万元-5,700万元",亏损,坏→更坏,1.0
300301,2021-04-24,,,600万元–800万元,600万元-800万元,,,
300302,2023-04-27,,,,,,,
300306,2018-04-23,,,,,,,
300313,2021-04-17,-825.0,,700万元–950万元,,,,
300319,2018-03-22,,,,,,,
300319,2020-04-21,13225.0,4500.0,"11,250 万元～15,200 万元","4,000 万元～5,000 万元",,坏→更坏,0.0
300322,2023-04-12,-6450.0,8750.0,"6,000万元 — 6,900万元","8,200 万元 — 9,300 万元",,好→更好,1.0
300323,2023-04-21,-8400.0,,"6,900.00 万元–9,900.00 万元",,,,
300325,2022-04-22,,,"90,823.13 万元-111,006.05 万元","90,823.13 万元-111,006.05 万元",,,
300327,2023-03-20,,,"36,000 万元–38,000 万元","36,000 万元–38,000 万元",,,
300336,2018-04-13,,,,,,,
300336,2022-04-26,-49000.0,14500.0,"58,000 万元至40,000 万元","12,500 万元至16,500 万元",,好→更好,1.0
300338,2020-02-28,,-35250.0,,"35,000.00万元– 35,500.00万元",亏损,,
300338,2020-03-02,,-35250.0,,"35,000.00万元– 35,500.00万元",亏损,,
300343,2021-04-22,2500.0,,"2,000.00 万元–3,000.00 万元",,,,
300344,2022-04-16,,,,,扭亏为盈,,
300344,2024-04-25,,,,,,,
300344,2025-04-12,,,,,,,
300345,2023-04-21,-1150.0,,"950 万元至1,350 万元",,,,
300350,2020-04-18,-40150.0,,"39,900 万元–40,400 万元",,,,
300350,2021-03-11,,,,,,,
300353,2022-04-25,,,,,,,
300354,2024-03-20,15750.0,,"14,000 万元–17,500 万元",,,,
300356,2018-04-11,,,,,,,
300375,2019-02-28,,10875.0,,"10,000万元～11,750万元",亏损,,
300377,2026-04-16,2000.0,,"1,600 万元～2,400 万元",,,,
300387,2020-03-20,9525.0,7521.795,"8,550 万元-10,500 万元","6,540.69 万元-8,502.90 万元",,坏→更坏,0.0
300392,2021-03-31,1560.5,799.5,"1,401 万元至1,720 万元",640 万元~959 万,,坏→更坏,0.0
300399,2026-03-13,,,,,,,
300409,2024-04-19,,3800.0,,"3,300 万元-4,300 万元",,,
300410,2019-01-30,,3250.0,,"500 万元–6,000 万元",同向上升,,
300410,2023-02-15,2836.5,,"2,713 万元–2,960 万元",,,,
300411,2018-01-31,12796.5,8957.55,"11,943.40 万元-13,649.60 万元","8,531.00 万元–9,384.10 万元",,坏→更坏,0.0
300412,2023-01-31,-6750.0,,"5,900 万元–7,600 万元",,,,
300417,2023-04-12,-300.0,-800.0,-350 万元至-250 万元,-850 万元至-750 万元,,坏→更坏,0.0
300419,2024-04-30,1000.0,,800 万元-1200 万元,,,,
300419,2025-04-28,1100.0,,"900 万元-1,300 万元",,,,
300420,2023-04-21,8000.0,5350.0,"7,000 万元—9,000 万元","5,200 万元—5,500 万元",,坏→更坏,0.0
300422,2022-04-22,,,,,,,
300422,2022-04-25,,,,,,,
300423,2025-04-24,,,,,,,
300427,2021-02-26,24250.0,,"23,500.00 万元至25,000.00 万元",,,,
300427,2023-04-21,9250.0,,"8,500.00 万元-10,000.00 万元",,,,
300438,2024-04-18,7150.0,,"5,800 万元–8,500 万元",,同向上升,,
300449,2019-04-23,,,,,,,
300461,2020-02-28,-9550.0,-17350.0,"9,300 万元–9,800 万元","17,100 万元–17,600 万元",,坏→更坏,0.0
300463,2026-04-24,-4750.0,,"-5,500 万元至-4,000 万元",,,,
300466,2020-04-23,1050.0,-20450.0,"800.00 万元—1,300.00 万元","-20,700.00 万元 至-20,200.00 万元",亏损,坏→更坏,1.0
300469,2020-02-26,,-15150.0,,"14,900万元—15,400 万元",,,
300469,2021-04-20,,,,,,,
300477,2026-04-14,,,,,,,
300479,2024-03-18,875.0,,"700.00 万元 — 1,050.00 万元",,,,
300480,2023-01-31,8258.515,,"6,488.83 万元-10,028.20 万元",,同向上升,,
300482,2026-01-30,,,,,,,
300490,2024-04-22,3700.0,,"3,200 万元至4,200 万元",,,,
300497,2023-02-28,-9300.5,,"7,778 万元–10,823 万元",,,,
300500,2023-04-19,4950.0,3700.0,"4,300万元至5,600万元","3,300万元至4,100万元",,坏→更坏,0.0
300503,2023-04-28,4350.0,-700.0,"3,500 万元–5,200 万元",600 万元–800 万元,,坏→更坏,1.0
300506,2024-04-16,-28500.0,,"32,000 万元至25,000 万元",,,,
300513,2024-04-22,8500.0,,"7,000 万元–10,000 万元",,,,
300517,2026-03-18,,,,,,,
300520,2025-04-22,2750.0,,"2,200 万元—3,300 万元",,,,
300527,2023-04-21,1579.0,,"1,373.73 万元至1,784.27 万元",,,,
300533,2022-03-30,,,,,,,
300534,2021-04-14,797.0,170.0,639 万元- 955 万元,150 万元—190 万,,坏→更坏,0.0
300534,2022-04-15,-400.0,30310.0,300 万元- 500 万元,30060 万元—30560 万,,好→更好,1.0
300536,2023-03-24,502.5,,405 万元-600 万元,,,,
300552,2023-01-31,-1750.0,,"500 万元~3,000 万元",,,,
300560,2024-04-30,3625.0,,"2,900.00 万元至4,350.00 万元",,,,
300560,2026-04-27,2375.0,,"1,900万元至2,850万元",,,,
300561,2025-03-28,-1715.0,,"1,450 万元—1,980 万元",,,,
300571,2017-02-28,,41012.295,,"39,059.33 万元至42,965.26 万元",,,
300571,2024-03-27,,,,,,,
300572,2024-04-26,,,,,,,
300582,2024-04-08,,,,,,,
300585,2021-04-23,,4200.0,,4020 万元—4380 万元,,,
300588,2022-04-13,-4300.0,,"4,800 万元–3,800 万元",,,,
300594,2024-04-22,,,,,,,
300598,2026-04-20,-6700.0,,"-8,400 万元至-5,000 万元",,,,
300599,2023-03-01,,,"1,200.00 万元-1,800.00 万元","1,200.00 万元-1,800.00 万元",,,
300600,2023-04-12,,,,,,,
300614,2024-04-22,-6000.0,,"5,000万元-7,000万元",,,,
300615,2019-01-29,2260.0,1675.0,"1,820 万元—2,700 万元","1,350 万元–2,000 万元",,坏→更坏,0.0
300618,2021-01-25,,,,,扭亏为盈,,
300635,2024-04-23,,,,,,,
300656,2024-03-29,2400.0,,"2,100 万元–2,700 万元",,,,
300663,2025-04-25,-34000.0,,"29,000 万元–39,000 万元",,,,
300684,2018-01-30,6250.0,7800.0,"5,900万元至6,600万元","7,300万 ~ 8,300万",,好→更好,0.0
300689,2024-04-03,,,,,,,
300694,2022-04-01,,,,,,,
300703,2022-04-07,,,"1,350万元–2,025 万元","1,350 万元–2,025 万元",,,
300713,2021-04-23,492.765,,11.30 万元–974.23 万元,,亏损,,
300715,2020-01-17,12044.02,12695.045,"11,067.48 万元-13,020.56 万元","11,718.50 万元–13,671.59 万元",,好→更好,0.0
300730,2024-04-19,-8200.0,,"7,200 万元-9,200 万元",,,,
300732,2018-01-23,,22052.16,,"20,106.38万元-23,997.94万元",,,
300736,2021-02-26,,47500.0,,"45,000 万元–50,000 万元",,,
300736,2021-04-09,-6800.0,47500.0,"6,500 万元-7,100 万元","45,000 万元–50,000 万元",,好→更好,1.0
300736,2022-04-30,,,,,扭亏为盈,,
300742,2023-02-23,-9540.5,-16232.849999999999,"8,296 万元—10,785 万元","14,673.76 万元—17,791.94 万元",,坏→更坏,0.0
300745,2022-04-27,,,,,,,
300745,2023-04-26,3500.0,7100.0,"3,000 万元~4,000 万元","6,600.00 万元–7,600.00 万元",,好→更好,0.0
300746,2026-04-23,4000.0,7350.0,3500万至4500万元,7100万元-7600万元,,好→更好,0.0
300757,2022-04-23,2500.0,,"2,000 万元-3,000 万元",,亏损,,
300758,2023-04-17,335.0,-295.0,270 万元—400 万元,240 万元—350 万元,,坏→更坏,1.0
300767,2021-01-20,,16350.0,,"15,500 万元–17,200 万元",,,
300779,2023-04-14,100.0,,80 万元至120 万元,,,,
300795,2021-04-13,-5883.0,,"5,383 万元–6,383 万元",,,,
300804,2024-04-12,5200.0,,"4,700 万元–5,700 万元",,,,
300808,2020-01-23,,7700.0,,"7,500 万元–7,900 万元",同向下降,,
300821,2021-01-28,,,,,,,
300836,2021-04-15,1650.0,,"1,500万元-1,800万元",,,,
300875,2025-04-03,,,,,,,
300877,2023-04-15,,,500万元至0万元,500万元-0万,,,
300878,2023-04-17,9025.0,,"8,030.00 万元～10,020.00 万元",,,,
300879,2023-04-12,,,"2,000万元–3,000万元","2,000万元-3,000万元",,,
300879,2026-03-27,,,,,,,
300902,2026-04-13,,,,,,,
300910,2021-01-19,,,"17,705万元至19,673万元","17,705万元-19,673万元",,,
300937,2022-04-18,1200.0,,"1,100 万元-1,300 万元",,,,
300937,2026-04-21,,,,,,,
300942,2023-04-11,13000.0,,"11,000 万元–15,000 万元",,,,
300948,2025-04-02,-3950.0,,"3,200万元–4,700万元",,,,
300991,2023-01-31,925.0,,"750 万元-1,100 万元",,,,
301008,2026-02-28,2360.96,3250.0,"2,098.63万元至2,623.29万元","3,000万元至3,500万元",,好→更好,0.0
301040,2024-04-10,385.0,,310.00 万元–460.00 万元,,同向上升,,
301049,2022-01-07,16867.235,9000.0,"15,664.62万元至18,069.85万元","8,000.00 万元—10,000.00 万元",,坏→更坏,0.0
301051,2024-03-08,4600.0,,"3,700 万元–5,500 万元",,,,
301066,2023-01-31,,,,,,,
301070,2026-04-14,,,,,,,
301079,2024-03-26,625.0,,500 万元–750 万元,,,,
301096,2025-04-17,5500.0,,"4,500 万元-6,500 万元",,,,
301100,2024-04-19,,,1200 万元—1700 万元,1200 万元—1700 万元,同向上升,,
301105,2023-01-20,6820.0,,"6,380.00 万元至7,260.00 万元",,同向上升,,
301123,2025-04-15,-125.0,,-200万元至-50万元,,,,
301128,2023-04-17,2700.0,3800.0,"2,500.00万元–2,900.00万元","3,600万元–4,000万元",,好→更好,0.0
301168,2024-04-16,,,,,扭亏为盈,,
301169,2024-04-25,,,,,,,
301180,2026-04-22,,,320 万元至480 万元,320 万元至480 万,,,
301213,2025-04-18,,,648.13万元至753.93万元,648.13万元–753.93万元,,,
301248,2026-03-31,,,,,,,
301281,2026-02-24,3324.675,,"2,720.19 万元– 3,929.16 万元",,,,
301311,2026-04-20,-7400.0,,"-9,000 万元至-5,800 万元",,,,
301321,2023-04-17,,,,,,,
301357,2024-04-01,,,,,,,
301636,2026-04-29,,,,,,,
600075,2016-08-26,,26000.0,,"25,000 万元至27,000 万",扭亏为盈,,
603032,2019-02-28,,,,,,,
603617,2023-04-13,5850.0,,"4,700 万元至7,000 万元",,,,
832786,2025-02-28,,,,,,,
